key,class,split
プロトン化水素分子,自然科学,train
ポーツマス条約,歴史,train
名古屋環状2号線,技術,train
すきやき (ふりかけ),技術,train
シネマトグラフ,芸術,train
恒藤規隆,歴史,train
ウデヘ,社会科学,train
伊勢暴動,歴史,train
グレートバリアリーフ,歴史,train
交響曲第5番 (チャイコフスキー),芸術,train
バラク・オバマの広島訪問,歴史,train
箒川鉄橋列車転落事故,産業,train
ロバート・ピール,歴史,train
海王星の環,自然科学,train
チューレ空軍基地米軍機墜落事故,社会科学,train
DNAナノテクノロジー,技術,train
デビッド・ロイド・ジョージ,歴史,train
エストニアの国籍,社会科学,train
出石神社,哲学,train
イギリス東インド会社,歴史,train
オードリー・ヘプバーン,芸術,train
市川雷蔵 (8代目),芸術,train
ウルグ・ベク,歴史,train
フリッツ・ハーバー,歴史,train
カーリル,総記,train
ニュージーランド航空901便エレバス山墜落事故,技術,train
名張牛汁,技術,train
こまねこまつり,社会科学,train
六角堂 (北茨城市),芸術,train
血小板,自然科学,train
イギリスの経済,社会科学,train
塩沢トンネル,技術,train
セル・オートマトン,自然科学,train
夜長姫と耳男,文学,train
プレスター・ジョン,哲学,train
高橋瑞子,歴史,train
ハーゲン・ポアズイユ流れ,自然科学,train
ジョージ・カニング,歴史,train
ソビエト連邦の食事情,社会科学,train
2019年6月16日香港逃亡犯条例改正案反対デモ,社会科学,train
中国の陶磁器,芸術,train
紀州征伐,歴史,train
アドルフ・ヒトラーの死,歴史,train
吹奏楽の歴史,芸術,train
青空 (雑誌),文学,train
橋本宗吉,歴史,train
栃木県庁の移転,歴史,train
カンボジア特別法廷,歴史,train
広島電鉄,産業,train
磯 (京丹後市),歴史,train
百済,歴史,train
御幸道路,歴史,train
世界金融危機 (2007年-2010年),社会科学,train
ミネルバ (ローバー),技術,train
大日本沿海輿地全図,自然科学,train
ロベルト・シューマン,芸術,train
石淵ダム,技術,train
朝鮮民主主義人民共和国の経済史,社会科学,train
トレイン・シェッド,技術,train
セシウム,自然科学,train
ボルガル遺跡,芸術,train
詩,文学,train
綿ふき病,自然科学,train
ニュルンベルクのマイスタージンガー,芸術,train
西遊記の成立史,文学,train
マニラ奇襲 (1798年),歴史,train
ファーティマ朝のエジプト侵攻 (919年-921年),歴史,train
メジロライアン,芸術,train
阿波電気軌道,産業,train
軍服 (ドイツ国防軍空軍),社会科学,train
スペインワイン,技術,train
カリフォルニアネコザメ,自然科学,train
陳朝,歴史,train
ようこそ実力至上主義の教室へ,文学,train
池水は濁りににごり藤波の影もうつらず雨降りしきる,文学,train
社寺参詣曼荼羅,哲学,train
兵士と笑う女,芸術,train
火の海,芸術,train
エドワード・ウッド (初代ハリファックス伯爵),歴史,train
岡山地底湖行方不明事故,歴史,train
ハチ (ヒョウ),自然科学,train
宝永地震,自然科学,train
チャリングクロス・ユーストン・アンド・ハムステッド鉄道,産業,train
大槻磐渓,歴史,train
九州水力電気,技術,train
トロールズ ミュージック★パワー,芸術,train
満洲還付条約,歴史,train
田の神,社会科学,train
スペイン料理,技術,train
中国の青銅器,芸術,train
郭泰源,芸術,train
カミーユ・ピサロ,芸術,train
根府川駅列車転落事故,産業,train
犬小屋 (江戸幕府),歴史,train
日本の道路標識,技術,train
藤織り,技術,train
榎本三恵子,歴史,train
マクドネル・ダグラス MD-90,技術,train
岡部幸雄,芸術,train
三木武夫,歴史,train
ウォルフ・ライエ星,自然科学,train
カタルーニャ州,歴史,train
フーコーの振り子,自然科学,train
水滸伝の成立史,文学,train
福武電気鉄道デキ1形電気機関車,技術,train
小辺路,歴史,train
ウィルタ,社会科学,train
アウクスブルク,歴史,train
御土居下御側組同心,歴史,train
Charlotte (アニメ),芸術,train
大久野島の毒ガス製造,社会科学,train
死の勝利 (ブリューゲル),芸術,train
罪と罰 (椎名林檎の曲),芸術,train
東慶寺,哲学,train
Last Labyrinth (ゲーム),芸術,train
老子,哲学,train
日本仏教の戒律史,哲学,train
アメリカ合衆国の経済史,社会科学,train
バビロニア,歴史,train
食品サンプル,産業,train
ウィリアム・グラッドストン,歴史,train
カルナック神殿,哲学,train
アグネスフライト,芸術,train
津軽丸 (2代),技術,train
松本電灯,技術,train
ぴあ (雑誌),総記,train
ナンマトル,歴史,train
ウナギ科,自然科学,train
北欧史,歴史,train
矢作水力,技術,train
一畑電車,産業,train
マックス・プランク,歴史,train
ギザの大ピラミッド,技術,train
日本の貿易史,産業,train
ゲルニカ (絵画),芸術,train
高力氏,歴史,train
織田信行,歴史,train
クロアチア王国 (925年-1102年),歴史,train
桜木遺跡 (世田谷区),歴史,train
名古屋急行電鉄,産業,train
吾妻四郎助光,歴史,train
愛岐トンネル群,技術,train
陸前高田市立図書館,総記,train
埴輪 踊る人々,芸術,train
チャド・リビア紛争,歴史,train
ナポレオン3世,歴史,train
ボーイング717,技術,train
白練緯地松皮菱竹模様小袖,技術,train
小林ハル,芸術,train
ヘンリー・ペラム,歴史,train
ジョージ4世と競馬,芸術,train
暦書 (ノストラダムス),哲学,train
ハンセン病,自然科学,train
アンドレイ・ルブリョフ (映画),芸術,train
95か条の論題,哲学,train
フェライト系ステンレス鋼,技術,train
リンカーン大統領暗殺事件,歴史,train
文観,哲学,train
JR九州883系電車,技術,train
名鉄7000系電車,技術,train
高句麗,歴史,train
東京乗合自動車,産業,train
三里塚闘争,産業,train
チャンアンの景観関連遺産,芸術,train
オランダ黄金時代の絵画,芸術,train
ペリー上陸記念碑,歴史,train
人形峠,歴史,train
天災は忘れた頃にやってくる,社会科学,train
ルイス・アルヴェス・デ・リマ・エ・シルヴァ (カシアス公爵),歴史,train
インフルエンザワクチン,自然科学,train
ナチス・ドイツの経済,社会科学,train
第五次イタリア戦争,歴史,train
下山千歳白菜,産業,train
道管,自然科学,train
ラクタリウス・インディゴ,自然科学,train
櫻間伴馬,芸術,train
津軽ダム,技術,train
新丸山ダム,技術,train
パラグアイの歴史,歴史,train
伊勢湾岸自動車道,技術,train
ドクダミ,自然科学,train
鍋立山トンネル,技術,train
ヤングスタウン (オハイオ州),歴史,train
チャールズ・ヴィリアーズ・スタンフォード,芸術,train
エドガー・アラン・ポー,文学,train
結縄,言語,train
高山市図書館,総記,train
カナダ侵攻作戦,歴史,train
薩摩藩の天保改革,歴史,train
会計史,社会科学,train
日本の獣肉食の歴史,社会科学,train
アクロン (オハイオ州),歴史,train
ドイツ国大統領,歴史,train
西武3000系電車,技術,train
第五海洋丸の遭難,技術,train
0.999...,自然科学,train
欧州連合の言語,言語,train
ジョージ・グレンヴィル,歴史,train
太宰治と自殺,文学,train
みどり荘事件,社会科学,train
上甑島,歴史,train
御橋通り,歴史,train
喉鳴らし,自然科学,train
チャールズ・チャップリン,芸術,train
サルゴン2世,歴史,train
サンドマン (ヴァーティゴ),芸術,train
グレート・ノーザン・ピカデリー・アンド・ブロンプトン鉄道,産業,train
2019年6月12日香港逃亡犯条例改正案反対デモ,社会科学,train
テイルズ オブ レジェンディア,芸術,train
ヒトに由来する生薬,自然科学,train
皇太子徳仁親王と小和田雅子の結婚の儀,歴史,train
カトリーヌ・ド・メディシス,歴史,train
上野楢原のシオジ林,自然科学,train
ロジスティック方程式,自然科学,train
広東システム,歴史,train
クレタ島の歴史,歴史,train
発芽,自然科学,train
お白石持,哲学,train
ヒトデ,自然科学,train
オットー・フォン・ハプスブルク,歴史,train
ジェレミー・ソープ,歴史,train
豊橋市の映画館,芸術,train
タンジマート,歴史,train
プランバナン寺院群,哲学,train
ヘビの鱗,自然科学,train
イリオモテヤマネコ,自然科学,train
アレクサンドル・ゴルチャコフ,歴史,train
北西航路,産業,train
鷲子山上神社,哲学,train
オオカミの再導入,自然科学,train
玉置神社,哲学,train
スティエパン・トマシェヴィチ (ボスニア王),歴史,train
ウィリアム・ペティ (第2代シェルバーン伯),歴史,train
ハイセイコー,芸術,train
斎藤智恵子,歴史,train
法量,芸術,train
アフリカン・ワックス・プリント,社会科学,train
大山崎油座,歴史,train
山中貞雄,芸術,train
電気,技術,train
三越日本橋本店,産業,train
褐藻,自然科学,train
北樺太石油,歴史,train
檜山丸 (初代),技術,train
なんちゃっておじさん,社会科学,train
老人と海,文学,train
木曽川電力,技術,train
アレクサンダー・グラハム・ベル,歴史,train
コソボの歴史,歴史,train
シジミタテハ科,自然科学,train
パルミラ,歴史,train
たんぽぽ (小説),文学,train
私作る人、僕食べる人,産業,train
名鉄モ770形電車 (初代),技術,train
バタフライ効果,自然科学,train
小松 (料亭),歴史,train
マリ・キュリー,歴史,train
ストーンウォールの反乱,歴史,train
大洋,自然科学,train
フェルディナント・ライトナー,芸術,train
高橋至時,歴史,train
マリー＝アンヌ・ピエレット・ポールズ,歴史,train
神道の歴史,哲学,train
貝貨,社会科学,train
ナスル (ナスル朝),歴史,train
水琴窟,産業,train
利根川,歴史,train
尼港事件,歴史,train
バラク・オバマの国籍陰謀論,社会科学,train
名鉄モ600形電車 (2代),技術,train
イレーヌ・ジョリオ＝キュリー,歴史,train
キャラ (コミュニケーション),社会科学,train
名鉄6600系電車,技術,train
一宮市立図書館,総記,train
伊東里き,歴史,train
飛騨電灯,技術,train
陸奥国分寺,哲学,train
大嶺炭田,技術,train
4分33秒,芸術,train
二条藤子,歴史,train
ミスターシービー,芸術,train
一家四人死刑事件,社会科学,train
クリーブランド (オハイオ州),歴史,train
榛名湖,歴史,train
北海道の神社の歴史,哲学,train
古池や蛙飛びこむ水の音,文学,train
筑波山神社,哲学,train
信貴山城,歴史,train
ラブカ,自然科学,train
正受庵,哲学,train
アースキン・メイ (初代ファーンバラ男爵),歴史,train
紙本墨書南番文字,芸術,train
HD 189733 b,自然科学,train
ポジャールスキー公 (装甲巡洋艦),技術,train
セイロン侵攻,歴史,train
ナリタブライアン,芸術,train
ツァボの人食いライオン,自然科学,train
カミーユ・サン＝サーンス,芸術,train
鴨島 (島根県),歴史,train
レオナルド・ダ・ヴィンチ,歴史,train
ヴァイマル共和政のハイパーインフレーション,歴史,train
京王9000系電車,技術,train
オーロラ,自然科学,train
小田原電気鉄道チキ1形電車,技術,train
司ちゃん誘拐殺人事件,社会科学,train
ユダの手紙,哲学,train
イタセンパラ,自然科学,train
チンドン屋,産業,train
曾良旅日記,文学,train
公海,社会科学,train
福山藩の砂留,産業,train
杉原千畝,歴史,train
岡上菊栄,歴史,train
ステンレス鋼の歴史,技術,train
名鉄850系電車,技術,train
境界性パーソナリティ障害,自然科学,train
国分氏 (陸奥国),歴史,train
香椎宮,哲学,train
リミットサイクル,自然科学,train
オゴデイ・ウルス,歴史,train
如意ヶ嶽,歴史,train
鉱業,技術,train
ジェームズ・ワット,歴史,train
甑島列島,歴史,train
愛知県蟹江町母子3人殺傷事件,社会科学,train
インドハッカ,自然科学,train
八鹿高校事件,社会科学,train
法隆寺金堂薬師如来像光背銘,哲学,train
かぐや姫の物語,芸術,train
頼品妤,歴史,train
新宝島 (曲),芸術,train
有松・鳴海絞り,技術,train
フォッケウルフ Fw190,技術,train
秋田城,歴史,train
空がすき!,芸術,train
アロハ航空243便事故,産業,train
宇川のアユ,産業,train
飛鳥寺,哲学,train
日本の古瓦,芸術,train
ルイ14世 (フランス王),歴史,train
アポロ計画,技術,train
アーサー・ウェルズリー (初代ウェリントン公爵),歴史,train
生口島,歴史,train
阿児町国府,歴史,train
バリウム,自然科学,train
THE DREAM CHAPTER: ETERNITY,芸術,train
無生野の大念仏,社会科学,train
涼宮ハルヒの消失 (映画),芸術,train
今中慎二,芸術,train
エアバスA319,技術,train
アフリカ文学,文学,train
サハラ交易,歴史,train
ペレ,芸術,train
黒谷和紙,技術,train
両生類の減少,自然科学,train
富山県立図書館,総記,train
のりたま,技術,train
エルコンドルパサー,芸術,train
松尾大社,哲学,train
エウロパ (衛星),自然科学,train
コンスタンティノープル包囲戦 (717年-718年),歴史,train
かんなみ仏の里美術館,芸術,train
坂本龍馬,歴史,train
松阪電気,技術,train
トキノミノル,芸術,train
魔女見習いをさがして,芸術,train
賦,文学,train
ヨロイザメ,自然科学,train
スウェーデン系フィンランド人,社会科学,train
小島事件,社会科学,train
広島大仏,芸術,train
コソボ紛争,歴史,train
ピンクスライム,産業,train
閏秒,自然科学,train
屋上の狂人,文学,train
ヴィクトリア (イギリス女王),歴史,train
ペイル・ブルー・ドット,自然科学,train
渋谷黎子,歴史,train
クマのプーさん,文学,train
歴史地震,自然科学,train
我等の生涯の最良の年,芸術,train
デルフト眺望,芸術,train
マルセル・プルースト,文学,train
ナスル朝,歴史,train
エドヴァルド・ムンク,芸術,train
水谷新六,歴史,train
紅藻,自然科学,train
イタリア統一運動,歴史,train
リーゼ・マイトナー,歴史,train
アウター・ヘブリディーズ,歴史,train
多摩湖鉄道の鉄道車両,技術,train
立憲民主党 (ロシア),歴史,train
ヴィルヘルム2世 (ドイツ皇帝),歴史,train
映画 聲の形,芸術,train
フン族の起源,社会科学,train
松輸送,歴史,train
黒石,哲学,train
炎上 (映画),芸術,train
ヒヴァ・ハン国,歴史,train
ロンドン,歴史,train
マンスール,歴史,train
富岡製糸場,産業,train
アウルク,歴史,train
竹永事件,社会科学,train
川崎市の歴史,歴史,train
投下 (モンゴル帝国),歴史,train
突撃隊,歴史,train
酵素,自然科学,train
ポーランド,歴史,train
ニューアーク方式,総記,train
彗星,自然科学,train
知多鉄道デハ910形電車,技術,train
中華人民共和国の経済,社会科学,train
はつゆきさくら,芸術,train
北大東島のリン鉱山,技術,train
登録無形民俗文化財,芸術,train
荒川橋梁 (東北本線),技術,train
エアバス ベルーガ,技術,train
アラブ・ハザール戦争,歴史,train
ニヴフ,社会科学,train
尾形藤吉,芸術,train
トクサ類,自然科学,train
板橋競馬場,芸術,train
カール・ボッシュ,歴史,train
三国志演義の成立史,文学,train
サンデーサイレンス,芸術,train
リッチマン、プアウーマン,芸術,train
箱根登山鉄道,産業,train
クロアチアの歴史,歴史,train
矢ガモ,歴史,train
ダイアナ (プリンセス・オブ・ウェールズ),歴史,train
鹿島町藺牟田,歴史,train
藤沢市女子高生殺害事件,社会科学,train
アナスタシア・ニコラエヴナ,歴史,train
マルワーン1世,歴史,train
ジョゼフ・プリーストリー,歴史,train
静岡県立中央図書館,総記,train
株仲間解散令,歴史,train
単振動,自然科学,train
東海道五十三次 (浮世絵),芸術,train
ベンジャミン・ディズレーリ,歴史,train
シグネ・ハンマシュティエン＝ヤンソン,芸術,train
730 (交通),産業,train
大明西町,歴史,train
津市図書館,総記,train
アメリカ合衆国の鉄道史,産業,train
オーストラリアの動物相,自然科学,train
としまえんの水上設置遊具による溺水事故,歴史,train
イットリウム,自然科学,train
東京都港湾局専用線,産業,train
菅浦の湖岸集落,歴史,train
コスタリカの歴史,歴史,train
オリエント・エクスプレス '88,産業,train
山椒魚 (小説),文学,train
CIE図書館,総記,train
ポーランドの世界遺産,芸術,train
アッバース朝の小アジア侵攻 (806年),歴史,train
西条酒,技術,train
共楽館,歴史,train
旧横須賀鎮守府庁舎,歴史,train
コンソ,歴史,train
郭源治,芸術,train
クラウス・フォン・シュタウフェンベルク,歴史,train
東京電力 (1925-1928),技術,train
リンパ系,自然科学,train
富山飛行場,産業,train
去来抄,文学,train
田原市図書館,総記,train
タマーラ・カルサヴィナ,芸術,train
国富論,社会科学,train
つねよし百貨店,産業,train
どん底 (飲食店),産業,train
佐原の町並み,技術,train
因州和紙,技術,train
レジサイド (チャールズ1世),歴史,train
アーサー・コナン・ドイル,文学,train
浜島町迫子,歴史,train
ルバーブ,自然科学,train
タチアナ (虎),自然科学,train
ドナルド・キーン,文学,train
古細菌,自然科学,train
クウェート共和国,歴史,train
鼓膜器官,自然科学,train
エリザベス1世,歴史,train
神聖ローマ帝国,歴史,train
尾道,歴史,train
藍藻,自然科学,train
オーヴァーロード作戦,歴史,train
レオ・シラード,歴史,train
澄江の化石産地,自然科学,train
トゲウオ科,自然科学,train
福澤桃介,歴史,train
ル・コルビュジエの建築作品-近代建築運動への顕著な貢献-,芸術,train
ブィリーナ,文学,train
浜詰,歴史,train
コリン・レンフルー,歴史,train
鳥取しゃんしゃん祭,社会科学,train
フォード島,歴史,train
大北方戦争,歴史,train
スウィーニー・トッド フリート街の悪魔の理髪師,芸術,train
翔鳳丸,技術,train
きらめき☆プロジェクト,芸術,train
アラ・カチュー,社会科学,train
渋谷スクランブル交差点,歴史,train
樺太の戦い (1945年),歴史,train
銅,自然科学,train
鏡のヴィーナス,芸術,train
江戸城跡のヒカリゴケ生育地,自然科学,train
グリーンハウス (藤沢市),技術,train
UDデジタル教科書体,総記,train
マルコ・ポーロ,歴史,train
小林一茶,文学,train
山梨交通,産業,train
ニオブ,自然科学,train
第1回印象派展,芸術,train
プトレマイオス朝,歴史,train
ヤマザキ春のパンまつり,産業,train
中小坂鉄山,技術,train
白鳥の湖,芸術,train
日本ハリストス正教会,哲学,train
伊藤初代,歴史,train
史通,総記,train
日吉町吉利,歴史,train
十六島ホタルエビ発生地,自然科学,train
貴族院 (イギリス),社会科学,train
中島敦,文学,train
ユニバーサル・シティ・スタジオ対任天堂裁判,社会科学,train
アルブエラの戦い,歴史,train
タハリール広場,歴史,train
神戸居留地競馬,芸術,train
神話,哲学,train
フレデリック・ディーリアス,芸術,train
ダブルキャスト (ゲーム),芸術,train
アメリカン航空587便墜落事故,技術,train
アウステルリッツの戦い,歴史,train
ヒトカラ,産業,train
平和大通り,歴史,train
エアバスA300,技術,train
ツタンカーメン,歴史,train
比羅夫丸,技術,train
ヘンリー・ジョン・テンプル (第3代パーマストン子爵),歴史,train
ウィリアム・キャヴェンディッシュ＝ベンティンク (第3代ポートランド公爵),歴史,train
赤羽台トンネル,技術,train
ウイスキー戦争,歴史,train
ハンブルクの倉庫街とチリハウスを含む商館街,歴史,train
オトマール・スウィトナー,芸術,train
日本の深夜バス,産業,train
トウシューズ,芸術,train
垂揺球儀,自然科学,train
ハワイ併合,歴史,train
コウイカ,自然科学,train
東急7000系電車 (初代),技術,train
乗り心地,技術,train
振武寮,歴史,train
荒川橋,技術,train
ヒジュラ,哲学,train
碧海電気鉄道,産業,train
ローマによるブリタンニア侵攻 (紀元前55年-紀元前54年),歴史,train
マー・ワラー・アンナフル,歴史,train
ルーヴル美術館,芸術,train
京子,自然科学,train
榎本武揚,歴史,train
南華文芸・北新書局事件,歴史,train
はるひ野駅,産業,train
アヴァ王朝,歴史,train
ネフェルティティの胸像,芸術,train
第一白川橋梁,技術,train
佐久島,歴史,train
後醍醐天皇宸翰天長印信（蠟牋）,芸術,train
ファーティマ朝のエジプト侵攻 (914年-915年),歴史,train
エッジワース・カイパーベルト,自然科学,train
エアバスA310,技術,train
ローリー (ノースカロライナ州),歴史,train
大西瀧治郎,歴史,train
蔵書印,総記,train
司馬遷,歴史,train
水尻池,歴史,train
抗酸化物質,自然科学,train
中島飛行機半田製作所,歴史,train
エストニアの言語,言語,train
ヘンリー・キャヴェンディッシュ,歴史,train
富山県営渡船,産業,train
滝野川ゴボウ,産業,train
ベルカ、吠えないのか?,文学,train
伊那市立図書館,総記,train
スラヴ民族の北東ルーシへの移動,歴史,train
矢数道明,歴史,train
ルーマニアのユダヤ人の歴史,社会科学,train
幸手宿,歴史,train
アカウキクサ属,自然科学,train
伊勢電気鉄道ハ451形電車,技術,train
お化け暦,自然科学,train
鳥羽磯部漁業協同組合,産業,train
ミシェル・プラティニ,芸術,train
ケンタッキーフライドチキンの歴史,産業,train
ジャバウォック,文学,train
名古屋鉄道デセホ700形電車,技術,train
ロンゴロンゴ,言語,train
神奈川中央交通,産業,train
株仲間再興令,歴史,train
ビワハヤヒデ,芸術,train
キューバの雪解け,歴史,train
秒,自然科学,train
浜松市立中央図書館,総記,train
佐野文子,歴史,train
岩手・宮城内陸地震,自然科学,train
九十九王子 (田辺市中辺路町),哲学,train
クロード・モネ,芸術,train
琉球の朝貢と冊封の歴史,歴史,train
長野電灯,技術,train
奥澤神社,哲学,train
三嶋大社,哲学,train
蜂蜜,技術,train
豊田市中央図書館,総記,train
エアバスA330,技術,train
主系列星,自然科学,train
中国攻め,歴史,train
第一次シュレージエン戦争,歴史,train
中国伊斯蘭教協会,哲学,train
シェイクスピア別人説,文学,train
津田応助,歴史,train
ザクロ,自然科学,train
レオシュ・ヤナーチェク,芸術,train
八丈島事件,社会科学,train
フェズ,歴史,train
エナメル質,自然科学,train
町屋 (商家),技術,train
2019年逃亡犯条例改正案,社会科学,train
那珂湊反射炉,歴史,train
暗黒時代 (古代ギリシア),歴史,train
京急700形電車 (2代),技術,train
アメリカ施政権下の小笠原諸島,歴史,train
変形菌,自然科学,train
死神 (日本),社会科学,train
シビュラの託宣,哲学,train
中部電力 (1930-1937),技術,train
カール・ミュンヒンガー,芸術,train
原谷 (京都市),歴史,train
金沢電気軌道,産業,train
名古屋鉄道トク3号電車,技術,train
ロンドン自然史博物館,自然科学,train
フレデリック・ノース (第2代ギルフォード伯爵),歴史,train
軍服 (ドイツ国防軍陸軍),社会科学,train
上山寺,哲学,train
ガズデン購入50セント硬貨,社会科学,train
ピュー,歴史,train
三億円別件逮捕事件,総記,train
蓮田善明,文学,train
住吉大社,哲学,train
国立市主婦殺害事件,社会科学,train
水素吸蔵合金,技術,train
染色体説,自然科学,train
アーサー・バルフォア,歴史,train
稲沢市図書館,総記,train
HTV技術実証機,技術,train
京王8000系電車,技術,train
チャールズ・ジェームズ・フォックス,歴史,train
セルピン,自然科学,train
保阪潤治,歴史,train
ムフタール・アッ＝サカフィー,歴史,train
トーキー,芸術,train
足袋蔵,技術,train
富山市立図書館,総記,train
日本最古のりんごの木,自然科学,train
Justy×Nasty 〜魔王はじめました〜,芸術,train
押出成形,技術,train
ボストン,歴史,train
名古屋電力,技術,train
白川郷・五箇山の合掌造り集落,芸術,train
グリム童話,文学,train
香良洲町,歴史,train
帯広市図書館,総記,train
ティンツフィールド,技術,train
中川イセ,歴史,train
日本の両生類一覧,自然科学,train
アン女王戦争,歴史,train
戦争レクイエム,芸術,train
カリウム,自然科学,train
エビフリャー,言語,train
ムハンマド3世 (ナスル朝),歴史,train
フルーツサンド,技術,train
ヒューストン,歴史,train
名鉄3780系電車,技術,train
織田信長,歴史,train
三島由紀夫,文学,train
ムハンマド・アリー,歴史,train
スペンサー・コンプトン (初代ウィルミントン伯爵),歴史,train
オエンガス1世 (ピクト王),歴史,train
箱根火山の形成史,自然科学,train
小田急電鉄のダイヤ改正,産業,train
フロギストン説,自然科学,train
ジョゼフ・チェンバレン,歴史,train
チューリップ・バブル,社会科学,train
木部,自然科学,train
ジュゼッペ・ヴェルディ,芸術,train
四国同盟戦争,歴史,train
森巌寺 (世田谷区),哲学,train
緑藻,自然科学,train
アヴィス王朝,歴史,train
東郷町藤川,歴史,train
お猿のかごや,芸術,train
鹿島清兵衛,芸術,train
北の大火,歴史,train
音戸の瀬戸,歴史,train
神饌,哲学,train
名岐鉄道デボ800形電車,技術,train
鉄道車両,技術,train
シュレージエン戦争,歴史,train
多賀電気,技術,train
深坂トンネル,技術,train
日本語訳聖書,哲学,train
佐伯敏子 (反核運動家),歴史,train
イトカワ (小惑星),自然科学,train
正中の変,歴史,train
ゾング号事件,歴史,train
地球の秘密,芸術,train
富士川橋梁 (東海道本線),技術,train
アメリカ独立戦争,歴史,train
フューチュリティステークス (アメリカ合衆国),芸術,train
ギリシア神話,哲学,train
エジプト式分数,自然科学,train
燈明堂 (横須賀市),歴史,train
モンゴルのホラズム・シャー朝征服,歴史,train
東欧諸国のビザンティン建築,技術,train
星の砂,自然科学,train
博多電気軌道,産業,train
岳物語,文学,train
セントラル・パーク,産業,train
神谷太刀宮神社,哲学,train
Undertale,芸術,train
ぶん公,自然科学,train
梶井基次郎,文学,train
掃除魚,自然科学,train
ゲオルク・ビューヒナー,文学,train
二条為子,文学,train
江戸時代の三貨制度,歴史,train
中華人民共和国のスポーツ,芸術,train
エルンスト・カルテンブルンナー,歴史,train
群馬コーヒー事件,歴史,train
花田ミキ,歴史,train
石油タンカー,技術,train
アリス・ギイ,芸術,train
池上競馬場,芸術,train
サーリフ・ブン・ミルダース,歴史,train
長波 (駆逐艦),技術,train
紀和町花井,歴史,train
2011年のワールドシリーズ,芸術,train
高尾山古墳,歴史,train
バヤズィト2世,歴史,train
たぬきち,芸術,train
サマリウム,自然科学,train
北陸鉄道金沢市内線,産業,train
富士山本宮浅間大社,哲学,train
根,自然科学,train
少女☆歌劇 レヴュースタァライト (アニメ),芸術,train
イヴァン4世,歴史,train
ベイツ型擬態,自然科学,train
オーストラリアワイン,技術,train
スピノサウルス,自然科学,train
スラヴ人トマス,歴史,train
太陽系外惑星,自然科学,train
ニーマン・ピック病,自然科学,train
太陽系の形成と進化,自然科学,train
ジャン＝フランソワ・ミレー,芸術,train
京王6000系電車,技術,train
ウィンストン・チャーチル,歴史,train
村井多嘉子,歴史,train
インターシティ (ドイツ),産業,train
ルーシー (アウストラロピテクス),自然科学,train
カワード1世,歴史,train
アルフレッド・ヒッチコック,芸術,train
新安沈船,歴史,train
ロシアのクラシック音楽史,芸術,train
駒競行幸絵巻,芸術,train
エアバスA320,技術,train
ナディア・コマネチ,芸術,train
異種金属接触腐食,技術,train
アルトゥール・ニキシュ,芸術,train
アテナイの学堂,芸術,train
四字熟語,言語,train
アトランタ,歴史,train
甲斐姫,歴史,train
ナビス戦争,歴史,train
福博電気軌道,産業,train
地図混乱地域,歴史,train
黒神町,歴史,train
知多鉄道,産業,train
大同電力,技術,train
大正天皇実録,総記,train
シェトランド諸島,歴史,train
源氏物語大成,文学,train
佐藤在寛,歴史,train
小田急9000形電車,技術,train
愛知電気鉄道電7形電車,技術,train
10.8決戦,芸術,train
監査に関する品質管理基準,社会科学,train
スバス・チャンドラ・ボース,歴史,train
動物漫画,芸術,train
ユリウス・ロベルト・フォン・マイヤー,歴史,train
イスラム経済,社会科学,train
千と千尋の神隠し,芸術,train
スエズ運河,技術,train
フランク王国,歴史,train
抗生物質,自然科学,train
名古屋モスク,哲学,train
南草津駅,産業,train
シュスワプ語,言語,train
出家とその弟子,文学,train
火星の生命,自然科学,train
バスク・ナショナリズム,歴史,train
第二次ブルガリア帝国,歴史,train
安藤百福,歴史,train
ライアン・ゴズリング,芸術,train
檜洞丸,歴史,train
チラコイド,自然科学,train
観世元滋,芸術,train
顕生代,自然科学,train
小田急5000形電車 (初代),技術,train
ユグノー戦争,歴史,train
ヒムヤル王国,歴史,train
広島瓦斯電軌1040形電車,技術,train
エジプト先王朝時代,歴史,train
イースタン航空401便墜落事故,技術,train
イオ (衛星),自然科学,train
信玄公旗掛松事件,社会科学,train
新名神武庫川橋,技術,train
ラムタラ,芸術,train
野口源三郎,芸術,train
枢軸時代,歴史,train
北九州トンネル,技術,train
内裏塚古墳群,歴史,train
米村でんじろう,歴史,train
小田急2600形電車,技術,train
七色 (十津川村),歴史,train
渡辺康幸,芸術,train
勲章 (日本),社会科学,train
JT女性社員逆恨み殺人事件,社会科学,train
別府明礬橋,技術,train
ベオグラード,歴史,train
福山そごう,産業,train
小田急4000形電車 (初代),技術,train
夕凪 (2代神風型駆逐艦),技術,train
恋人たちのクリスマス,芸術,train
広島タクシー運転手連続殺人事件,社会科学,train
ピアノ五重奏曲第2番 (フォーレ),芸術,train
流鬼国,歴史,train
モールの定理,技術,train
岩神の飛石,自然科学,train
サレカット・イスラム,歴史,train
竹 (松型駆逐艦),技術,train
ウィリアム・ピット (初代チャタム伯爵),歴史,train
グリゴリー・ラスプーチン,歴史,train
ヨハネの手紙三,哲学,train
エドワード・ハイド (初代クラレンドン伯爵),歴史,train
南オセチア紛争 (2008年),歴史,train
戸倉ハル,歴史,train
葺石,歴史,train
スタッフが美味しくいただきました,産業,train
第三次イタリア戦争,歴史,train
阿南鉄道,産業,train
日華連絡船,産業,train
アッシュルバニパル,歴史,train
九州電灯鉄道,技術,train
ネイト・シルバー,歴史,train
ウラジーミル・ナボコフ (政治家),歴史,train
丹後杜氏,技術,train
皇太子裕仁親王の欧州訪問,歴史,train
土器,芸術,train
ボルスタアンカー,技術,train
枕石寺,哲学,train
平泉,芸術,train
X染色体の不活性化,自然科学,train
第三次奴隷戦争,歴史,train
秋田弁,言語,train
小田急3100形電車,技術,train
七年戦争,歴史,train
フレデリック・ロビンソン (初代ゴドリッチ子爵),歴史,train
アルトン・エリス,芸術,train
藤山一郎,芸術,train
笹生川ダム,技術,train
アッシジのフランチェスコ,哲学,train
ナマズ目,自然科学,train
牛山喜久子,歴史,train
日本水力,技術,train
アジフライ,技術,train
蒲生川 (鳥取県),歴史,train
快楽の園,芸術,train
フランツ・ヨーゼフ1世 (オーストリア皇帝),歴史,train
ゴローニン事件,歴史,train
エサルハドン,歴史,train
有村町,歴史,train
金属,自然科学,train
第三次ポエニ戦争,歴史,train
Robot Operating System,技術,train
クンタ・キンテ島と関連遺跡群,歴史,train
水戸市立図書館,総記,train
カール1世 (オーストリア皇帝),歴史,train
姉帯小鳥谷根反の珪化木地帯,自然科学,train
北条氏綱,歴史,train
エアバスA321,技術,train
上淀川橋梁,技術,train
エジプトの歴史,歴史,train
北部諸島 (イギリス),歴史,train
みんなの森 ぎふメディアコスモス,総記,train
鄭麗君,歴史,train
岡崎市立中央図書館,総記,train
富士山縦覧場,産業,train
熊野川町九重,歴史,train
ボルドーワイン,技術,train
伊古奈比咩命神社,哲学,train
メジロマックイーン,芸術,train
貨幣史,社会科学,train
レゲエ,芸術,train
糸魚川のヒスイ,自然科学,train
ばね,技術,train
飯盛里安,歴史,train
CC・サバシア,芸術,train
古川沼,歴史,train
アマノリ,自然科学,train
きさらぎ駅,社会科学,train
イヌの起源,自然科学,train
ばら積み貨物船,技術,train
堀川用水,歴史,train
シャープゲンゴロウモドキ,自然科学,train
舜天,歴史,train
名目的取締役,社会科学,train
対数螺旋,自然科学,train
イブン・スィーナー,歴史,train
インドの美術,芸術,train
綾羅木,歴史,train
ソコト帝国,歴史,train
薩摩藩の長崎商法,歴史,train
査読なんか怖くない?,自然科学,train
六甲トンネル,技術,train
若栃,歴史,train
ペーローズ1世,歴史,train
ピアソン夫妻,哲学,train
桂正和,芸術,train
名鉄モ3350形電車 (初代),技術,train
下甑島,歴史,train
ブルーインパルス,社会科学,train
ケイドロ,芸術,train
竹一船団,歴史,train
ムハンマド・ブン・トゥグジュ,歴史,train
市営基町高層アパート,技術,train
ぱいどん,芸術,train
タタールのくびき,歴史,train
静岡市立御幸町図書館,総記,train
ルワンダ虐殺,歴史,train
月 (暦),自然科学,train
JUNE (雑誌),文学,train
満洲民族,社会科学,train
エルヴィン・ロンメル,歴史,train
名鉄5000系電車 (初代),技術,train
レンブラント・ファン・レイン,芸術,train
デング熱,自然科学,train
バンカーヒルの戦い,歴史,train
深海魚,自然科学,train
茨城電気 (1931-1942),技術,train
呉工廠排球チーム,芸術,train
剣闘士,歴史,train
平成26年8月豪雨による広島市の土砂災害,社会科学,train
樋越川,歴史,train
経度の歴史,自然科学,train
アマミサソリモドキ,自然科学,train
佐美長神社,哲学,train
ラファイエット,歴史,train
坊津町久志,歴史,train
南硫黄島原生自然環境保全地域,自然科学,train
カードの切り方が人生だ,産業,train
リバーサイド教会,哲学,train
ムハンマド・アリー・ジンナー,歴史,train
東武200系電車,技術,train
楽々園遊園地,産業,train
ポール・セザンヌ,芸術,train
市川一家4人殺害事件,社会科学,train
ホウ素,自然科学,train
補聴器の歴史,技術,train
早川のビランジュ,自然科学,train
美しく青きドナウ,芸術,train
醒井宿,歴史,train
重力波の初検出,自然科学,train
小瀬川,歴史,train
アメリカ＝メキシコ国境,歴史,train
北陸線列車雪崩直撃事故,産業,train
八百津発電所,技術,train
童貞を殺す服,言語,train
バイカル湖,歴史,train
安政の大地震,自然科学,train
世界遺産,芸術,train
先収会社,産業,train
腕足動物,自然科学,train
リンネ式階層分類体系,自然科学,train
荒木飛呂彦,芸術,train
ハリファックス大爆発,歴史,train
人新世,自然科学,train
国崎町,歴史,train
ユーゴスラビア王国,歴史,train
中川の箒スギ,自然科学,train
水素,自然科学,train
寧辺核施設,社会科学,train
ウルム戦役,歴史,train
ロボジッツの戦い,歴史,train
ユスティニアヌス1世,歴史,train
三徳川,歴史,train
永浜宇平,歴史,train
アンネ・フランク,歴史,train
ギャンブル依存症,自然科学,train
吉野 (鹿児島市),歴史,train
カンポンボーイ,芸術,train
ベリリウム,自然科学,train
マックス・パーキンズ,文学,train
シジミチョウ科,自然科学,train
メートル,自然科学,train
ポルトガルの歴史,歴史,train
マンスフィールド (オハイオ州),歴史,train
チプロフツィ,歴史,train
鶏頭の十四五本もありぬべし,文学,train
Déraciné (ゲーム),芸術,train
徳川家康三方ヶ原戦役画像,芸術,train
カール・マルクス,歴史,train
指宿市立図書館,総記,train
飛騨川流域一貫開発計画,技術,train
平松のウツクシマツ自生地,自然科学,train
志摩町和具,歴史,train
エドワード8世の退位,歴史,train
ヘルマン・ゲーリング,歴史,train
ニカラグア事件,歴史,train
半金属,自然科学,train
清水局事件,社会科学,train
列車,産業,train
沼田鈴子,歴史,train
富田川のオオウナギ生息地,自然科学,train
出口川のカドミウム汚染,歴史,train
神戸外国人居留地,歴史,train
チェーザレ・ボルジア,歴史,train
パウル・フォン・ヒンデンブルク,歴史,train
ギリシャ独立戦争,歴史,train
大沼 (赤城山),歴史,train
2008年北京オリンピックの自転車競技・男子個人ロードレース,芸術,train
木星,自然科学,train
ペトロの手紙二,哲学,train
ケレス (準惑星),自然科学,train
ヒルズボロの悲劇,芸術,train
ライナス・ポーリング,歴史,train
大阪電灯,技術,train
スペインの地理,歴史,train
どんぐりころころ,芸術,train
ナチス・ドイツによるフランス占領,歴史,train
平安座島,歴史,train
夏のない年,自然科学,train
ヒダハタケ,自然科学,train
タンネンベルクの戦い (1410年),歴史,train
ミラノ風ドリア,産業,train
木曽電気製鉄,技術,train
トラジャ族,社会科学,train
三津 (京丹後市),歴史,train
朝鮮の日本酒,技術,train
岩窟の聖母,芸術,train
MONSTER GENERATiON,芸術,train
青森県新和村一家7人殺害事件,社会科学,train
タンタル,自然科学,train
新東名高速道路,技術,train
名鉄3400系電車,技術,train
Megacheira,自然科学,train
地球の年齢,自然科学,train
日本女子体育専門学校 (旧制),社会科学,train
大西洋横断電信ケーブル,技術,train
ロバート・ガスコイン＝セシル (第3代ソールズベリー侯),歴史,train
ふらんす,言語,train
下淀川橋梁,技術,train
平 (京丹後市),歴史,train
松戸競馬場,芸術,train
バリ島,歴史,train
セントラル・パーク管理委員会,社会科学,train
ナゴルノ・カラバフ自治州,歴史,train
上皮成長因子受容体,自然科学,train
伊佐須美神社,哲学,train
姫路城,技術,train
宮沢賢治,文学,train
木村修治,歴史,train
測定,自然科学,train
安城市図書情報館,総記,train
世紀末ウィーン,歴史,train
受粉,自然科学,train
鎌倉仏教,哲学,train
エドワード・スミス＝スタンリー (第14代ダービー伯爵),歴史,train
澱川橋梁,技術,train
天洋丸級貨客船,技術,train
貿易史,産業,train
広島電鉄2500形電車,技術,train
カジキ,自然科学,train
ジョン・ステュアート (第3代ビュート伯),歴史,train
ふたりのイーダ,文学,train
日の丸弁当,技術,train
別府3億円保険金殺人事件,社会科学,train
和田カツ,歴史,train
付加体,自然科学,train
馬蹄形軌道,自然科学,train
月世界旅行 (映画),芸術,train
九州送電,技術,train
焼戻し,技術,train
美濃の壺石,自然科学,train
門司区,歴史,train
Umbrella (清水翔太のアルバム),芸術,train
ドゥニエ,社会科学,train
堀内良平,歴史,train
信濃電気,技術,train
元禄文化,歴史,train
浄ノ池特有魚類生息地,自然科学,train
子ども食堂,社会科学,train
英語の冠詞,言語,train
バングラデシュ大虐殺 (1971年),歴史,train
シオダマリミジンコ属,自然科学,train
船原ホテル,産業,train
ヴィルヘルム1世 (ドイツ皇帝),歴史,train
家事使用人,社会科学,train
真島襄一郎,歴史,train
カール4世 (神聖ローマ皇帝),歴史,train
八百屋お七,文学,train
内部補助,社会科学,train
北海大陸棚事件,歴史,train
御匣殿 (西園寺公顕女),歴史,train
小笛事件,社会科学,train
ディシディア ファイナルファンタジー,芸術,train
ミハイル・アレクサンドロヴィチ (1878-1918),歴史,train
上野村亀甲石産地,自然科学,train
スージー (チンパンジー),自然科学,train
中城ふみ子,文学,train
菌根,自然科学,train
条約改正,歴史,train
水星,自然科学,train
ジカ熱,自然科学,train
長谷寺銅板法華説相図,芸術,train
天明の打ちこわし,歴史,train
ジャンヌ・ダルク,歴史,train
ゲーム理論,社会科学,train
ラット (漫画家),芸術,train
ミラビリス・リベル,哲学,train
鹿島神宮,哲学,train
アイディア・表現二分論,総記,train
国土交通省直轄ダム,技術,train
斗満虐殺事件,歴史,train
松苧神社,哲学,train
五稜郭,技術,train
ヘイゼルの悲劇,芸術,train
ガリレオによるピサの斜塔実験,自然科学,train
中国におけるイスラームの歴史,哲学,train
丹後ちりめん,技術,train
南極の気候,自然科学,train
サルーム・デルタ,歴史,train
始皇帝,歴史,train
日本の路面標示,技術,train
阿里山丸,歴史,train
白小豆,産業,train
水晶の夜,歴史,train
マラッカ王国,歴史,train
自由海論,社会科学,train
ゴールパフォーマンス,芸術,train
名鉄7500系電車,技術,train
イルカボーイズ,歴史,train
化石戦争,自然科学,train
駒生 (宇都宮市),歴史,train
ワーテルローの戦い,歴史,train
ギリシャ軍事政権,歴史,train
ピエール＝オーギュスト・ルノワール,芸術,train
海士町中央図書館,総記,train
薔薇戦争,歴史,train
冬の蠅,文学,train
摩擦,自然科学,train
ハーバート・ヘンリー・アスキス,歴史,train
ドイツ共産党,社会科学,train
北海道中央バス,産業,train
笠間電気,技術,train
京都・大阪連続強盗殺人事件,社会科学,train
川端道喜,技術,train
アブドゥルマリク,歴史,train
コロンビアにおけるカバ,自然科学,train
レオポルド2世 (ベルギー王),歴史,train
東大寺の仏像,芸術,train
ソリクン,芸術,train
ブルガリア公国,歴史,train
高橋峯吉,歴史,train
Signalize!/カレンダーガール,芸術,train
粘着式鉄道,技術,train
貴族 (中国),歴史,train
ウエスト・ハイランド・ホワイト・テリア,自然科学,train
二胚動物,自然科学,train
オットー・フォン・ビスマルク,歴史,train
コーヒーの歴史,社会科学,train
刃物を持たない運動,社会科学,train
ハイチ革命,歴史,train
神岡水電,技術,train
アポロ17号,技術,train
やぐら,歴史,train
ギーラーン共和国,歴史,train
逆川 (水戸市),歴史,train
東大寺献物帳,芸術,train
線形多自由度系の振動,自然科学,train
カール・グスタフ・エミール・マンネルヘイム,歴史,train
海辺の生と死 (映画),芸術,train
弦楽のためのレクイエム,芸術,train
中国の書道史,芸術,train
朝鮮民主主義人民共和国の鉱業,技術,train
箱根登山バス,産業,train
中国回教協会,哲学,train
サンルームにて,芸術,train
ピョートル1世 (ロシア皇帝),歴史,train
西武30000系電車,技術,train
合同電気,技術,train
中ソ紛争,歴史,train
第五青函丸,技術,train
インドの地理,歴史,train
ニコライ2世 (ロシア皇帝),歴史,train
土佐のほっぱん,自然科学,train
オキナワ移住地,歴史,train
全日空横浜サッカークラブ・ボイコット事件,芸術,train
即位灌頂,哲学,train
小田急50000形電車,技術,train
ヘルムート・カール・ベルンハルト・フォン・モルトケ,歴史,train
光復香港、時代革命,社会科学,train
自己愛性パーソナリティ障害,自然科学,train
ボリビアの歴史,歴史,train
華僑虐殺事件 (バタヴィア),歴史,train
ピョウタンの滝,歴史,train
禅林墨跡,芸術,train
中国の科学技術史,技術,train
OMORI,芸術,train
小樽あんかけ焼そば,技術,train
ラージクマール・ラーオ,芸術,train
測雨器,自然科学,train
石岡第一発電所,技術,train
高輪芳子,芸術,train
ジョージ・ジャーメイン (初代サックヴィル子爵),歴史,train
ボンバルディア CRJ,技術,train
坊津町泊,歴史,train
宇宙ステーション補給機,技術,train
伊計島,歴史,train
中華民国総統,社会科学,train
ボビー・ロブソン,芸術,train
鷹峯,歴史,train
イギリス領インド帝国,歴史,train
白血病,自然科学,train
横須賀空襲,歴史,train
フェイ・ヴィンセント,芸術,train
柏の少女殺し事件,社会科学,train
ニューモシスチス・イロベチイ,自然科学,train
狐の嫁入り,社会科学,train
エストニアとロシアの領有権問題,社会科学,train
惑星の定義,自然科学,train
ユナニ医学,自然科学,train
呉鳳,歴史,train
日本の染織工芸,芸術,train
モンゴルの神聖ローマ帝国侵攻,歴史,train
飯能戦争,歴史,train
アッティラ,歴史,train
余部橋梁,技術,train
小百合葉子,芸術,train
松江騒擾事件,歴史,train
ムハンマド2世 (ナスル朝),歴史,train
化け猫,社会科学,train
ディートリヒ・ブクステフーデ,芸術,train
サッカー戦争,歴史,train
桜島の大正大噴火,自然科学,train
中山トンネル (上越新幹線),技術,train
因島,歴史,train
スロベニアの歴史,歴史,train
ナカプリバイン,技術,train
佐久間ダム,技術,train
蓬萊社,産業,train
大論争 (天文学),自然科学,train
ダ埼玉,言語,train
天津司舞,社会科学,train
栃木県立特別支援学校宇都宮青葉高等学園,社会科学,train
弘前大教授夫人殺し事件,社会科学,train
松橋事件,社会科学,train
ビアトリクス・ポター,文学,train
ハッブル・ディープ・フィールド,自然科学,train
エドゥアール・マネ,芸術,train
蓮華寺 (京都市左京区),哲学,train
ロシアの農奴制,社会科学,train
海 (ドビュッシー),芸術,train
イブン・バットゥータ,歴史,train
中国の貨幣制度史,社会科学,train
現生人類の拡散,自然科学,train
サラエボ事件,歴史,train
ギリシャの戦い,歴史,train
オウム,自然科学,train
ムカシトカゲ,自然科学,train
アイヌ料理,技術,train
ジャーマンフラッツへの攻撃,歴史,train
オセロ (ボードゲーム),芸術,train
パーヴォ・ヌルミ,芸術,train
行田足袋,技術,train
ポリオウイルス,自然科学,train
ケプラー16b,自然科学,train
中央アジアの美術,芸術,train
志摩町片田,歴史,train
少年保護手続,社会科学,train
川端康成,文学,train
バスク地方,歴史,train
ガボン航空惨事,技術,train
カレーショップ志み津,産業,train
吾妻鏡,歴史,train
巣守,文学,train
カリフォルニアワイン,技術,train
ラッコの保護活動,自然科学,train
吉田の火祭,社会科学,train
木内綾,芸術,train
ポーランド・ロシア戦争 (1792年),歴史,train
サフランの取引と利用,産業,train
トキ,自然科学,train
マラッカ海峡,歴史,train
長崎電気瓦斯,技術,train
ブリストル・バス・ボイコット事件,社会科学,train
フランツ・カフカ,文学,train
日本海電気,技術,train
不思議の国のアリスの挿絵,芸術,train
坊津町秋目,歴史,train
中国の絵画,芸術,train
飯田市立図書館,総記,train
強制収容所 (ナチス),歴史,train
無害通航,社会科学,train
九十九王子 (田辺市本宮町),哲学,train
辰口信夫,歴史,train
ルーム・セルジューク朝,歴史,train
英西戦争 (1727年-1729年),歴史,train
ホッローケー,歴史,train
メタゲノミクス,自然科学,train
クサヴェラ・レーメ,歴史,train
写真花嫁,歴史,train
神威 (水上機母艦),技術,train
横須賀海軍施設ドック,技術,train
馬王堆漢墓,歴史,train
皇居の生物相,自然科学,train
酸素,自然科学,train
扇面法華経冊子,哲学,train
騎士戦争,歴史,train
ウィリアム・キャヴェンディッシュ (第4代デヴォンシャー公爵),歴史,train
テイルズ オブ ザ テンペスト,芸術,train
ワラキア,歴史,train
イチョウ,自然科学,train
ファラオ,歴史,train
ヨハン・サンタナ,芸術,train
フィンセント・ファン・ゴッホ,芸術,train
薤露行,文学,train
正田篠枝,文学,train
アルゼンチンワイン,技術,train
ロイヒ,自然科学,train
日立鉱山の鉱害問題,技術,train
フェルディナント・ラッサール,歴史,train
富山市立奥田中学校いじめ自殺事件,社会科学,train
補助人工心臓,自然科学,train
毛皮のマリー,文学,train
藻岩山,歴史,train
東入植地,歴史,train
834.194,芸術,train
汪兆銘,歴史,train
コンスタンティノープルの城壁,歴史,train
アメリカン航空191便墜落事故,技術,train
名古屋第二環状自動車道,技術,train
フクロウ,自然科学,train
スクールカースト,社会科学,train
グルジア問題,歴史,train
重ね板ばね,技術,train
析出硬化系ステンレス鋼,技術,train
臍帯血,自然科学,train
セラム,自然科学,train
オグリキャップ,芸術,train
杉原紙,技術,train
兵庫 (佐賀市),歴史,train
ローマ建築,技術,train
サウスウエスト航空,産業,train
Summer Madness (三代目J Soul Brothers from EXILE TRIBEの曲),芸術,train
山下事件,社会科学,train
サラエヴォ,歴史,train
島嶼性,歴史,train
マダガスカル島民の歌,芸術,train
メジロブライト,芸術,train
トルダの勅令,歴史,train
日本のダムの歴史,技術,train
エストニアの独立回復,歴史,train
熊本市交通局0800形電車,技術,train
名鉄3800系電車,技術,train
アンコウ目,自然科学,train
熊野別当,歴史,train
ヒサトモ,芸術,train
中国の女性史,歴史,train
エアバスA340,技術,train
バルト諸国占領,歴史,train
丸山ダム,技術,train
熊野三山本願所,歴史,train
アルプ・シュニットガー,芸術,train
2019年6月9日香港逃亡犯条例改正案反対デモ,社会科学,train
成田空港予定地の代執行,歴史,train
千波湖,歴史,train
男木島,歴史,train
断続平衡説,自然科学,train
備崎経塚,哲学,train
イェーガン,歴史,train
飛騨市図書館,総記,train
相生橋,歴史,train
ガリウム,自然科学,train
桂・ハリマン協定,歴史,train
ユーゴスラビア社会主義連邦共和国,歴史,train
アメリカ合衆国の独立,歴史,train
イスラム美術,芸術,train
大明東町,歴史,train
鉱床学,技術,train
関西私鉄の電力供給事業,技術,train
マダガスカル,歴史,train
カラハン朝,歴史,train
海士町,歴史,train
イルカ追い込み漁,産業,train
ハワイの歴史,歴史,train
岡田健蔵,歴史,train
ガーター勲章,社会科学,train
ばらずし (丹後地方),技術,train
縞状鉄鉱床,自然科学,train
アルマダの海戦,歴史,train
ユナイテッド航空232便不時着事故,産業,train
牛乳を注ぐ女,芸術,train
スコッチ・ウイスキー,技術,train
エアバスA318,技術,train
アルディ (アルディピテクス),自然科学,train
ラバウル空襲,歴史,train
河辺飛行場,社会科学,train
バーレーンの真珠採取業,産業,train
地方病 (日本住血吸虫症),自然科学,train
ツキヨタケ,自然科学,train
日立鉱山,技術,train
網野神社,哲学,train
男の娘,社会科学,train
アイユーブ朝,歴史,train
ロジスティック写像,自然科学,train
賄征伐,社会科学,train
1888年の磐梯山噴火,自然科学,train
コンスタンティノープル包囲戦 (674年-678年),歴史,train
アラー・ウッディーン・ハルジー,歴史,train
近江鉄道本線,産業,train
梓川電力,技術,train
ブダペストのドナウ河岸とブダ城地区およびアンドラーシ通り,芸術,train
オーステナイト・フェライト系ステンレス鋼,技術,train
太陽系,自然科学,train
エアバスA300-600,技術,train
プリエ,芸術,train
軌間,技術,train
競技クイズ,芸術,train
スムマ,社会科学,train
リッチモンド・K・ターナー,歴史,train
玩具,技術,train
エドワード七世の戴冠式,芸術,train
白色矮星,自然科学,train
全ての教皇に関する大司教聖マラキの預言,哲学,train
篠島,歴史,train
絹本著色後醍醐天皇御像,芸術,train
5つのルシャン,芸術,train
ジョン・ラッセル (初代ラッセル伯爵),歴史,train
エレウシスの秘儀,哲学,train
オーガスタス・フィッツロイ (第3代グラフトン公),歴史,train
焼入れ,技術,train
微生物叢,自然科学,train
女神湖,歴史,train
富岡製糸場と絹産業遺産群,産業,train
宮中某重大事件,歴史,train
ルイーザ・メイ・オルコット,文学,train
石徹白騒動,歴史,train
物体検出,技術,train
還住 (青ヶ島),歴史,train
美幾,歴史,train
金鈴塚古墳,歴史,train
法隆寺金堂釈迦三尊像光背銘,哲学,train
ハンガリー料理,技術,train
ラスール朝,歴史,train
おろかもの之碑,哲学,train
テサロニケの信徒への手紙二,哲学,train
重症急性呼吸器症候群,自然科学,train
日本語の方言のアクセント,言語,train
ティムール,歴史,train
水晶幻想,文学,train
TEE,産業,train
石野遺跡,歴史,train
湯山池,歴史,train
笹子トンネル (中央本線),技術,train
キャプテン翼,芸術,train
仏足跡歌碑,歴史,train
金星の太陽面通過,自然科学,train
門司の歴史,歴史,train
昭和電力,技術,train
京都アニメーション放火殺人事件,社会科学,train
ボーイング757,技術,train
江戸の火事,歴史,train
ヒルズボロ (オレゴン州),歴史,train
ムハンマド1世 (ナスル朝),歴史,train
名古屋市電笹島線,産業,train
沖大東島,歴史,train
鹿沼市立図書館,総記,train
猪谷千春,芸術,train
リチャード3世の発掘と再埋葬,歴史,train
ヨハン・クライフ,芸術,train
ハリモグラ,自然科学,train
ベニート・ムッソリーニの死,歴史,train
著作権法 (フランス),総記,train
福山藩の辻堂,技術,train
ファーティマ朝のエジプト征服,歴史,train
読書 (黒田清輝),芸術,train
赤色矮星,自然科学,train
緑の革命,産業,train
黄砂,自然科学,train
納銭方,歴史,train
少年 (川端康成),文学,train
子持山,歴史,train
フランシスコ (ローマ教皇),哲学,train
キリスト磔刑と最後の審判,芸術,train
三島事件,歴史,train
イタリアのエジプト侵攻,歴史,train
ロバート・ウォルポール,歴史,train
スィゲトヴァール包囲戦,歴史,train
田中舘愛橘,歴史,train
まぼろし博覧会,産業,train
テロメラーゼ,自然科学,train
性決定,自然科学,train
マリア・ニコラエヴナ (ニコライ2世皇女),歴史,train
カトリック主税町教会,哲学,train
中央電気,技術,train
ゴールデンライス,産業,train
仏教美術,芸術,train
釜山橋頭堡の戦い,歴史,train
芋焼酎,技術,train
エドワード7世 (イギリス王),歴史,train
コレステロール,自然科学,train
松阪市図書館,総記,train
関東州の競馬,芸術,train
闇サイト殺人事件,社会科学,train
富山大空襲,歴史,train
赤血球,自然科学,train
飯塚伊賀七,歴史,train
ウィリアム・ラム (第2代メルバーン子爵),歴史,train
天皇賞,芸術,train
伊能忠敬,歴史,train
カレーパン,技術,train
深名線,産業,train
フランツ・フォン・パーペン,歴史,train
ミケランジェロ・メリージ・ダ・カラヴァッジオ,芸術,train
スコモローフ,芸術,train
田島弥平,歴史,train
ウラジーミル・レーニン,歴史,train
芝山みよか,歴史,train
石岡第二発電所,技術,train
小笠原諸島の自然,自然科学,train
イスラームの陶芸,芸術,train
アルバートサウルス,自然科学,valid
ラザル・フレベリャノヴィチ (セルビアの侯),歴史,valid
防衛食容器,技術,valid
イギリス・ザンジバル戦争,歴史,valid
岩泉線,産業,valid
イスラームにおけるイーサー,哲学,valid
北越急行ほくほく線,産業,valid
インディアスの破壊についての簡潔な報告,歴史,valid
配電統制令,技術,valid
味土野,歴史,valid
アッツ島玉砕,芸術,valid
フェルディナンド・マゼラン,歴史,valid
テンポイント,芸術,valid
アザーズの戦い (1030年),歴史,valid
淡路国道マツ並木,歴史,valid
法解釈,社会科学,valid
君沢形,技術,valid
溝口健二,芸術,valid
スライマーン (ウマイヤ朝),歴史,valid
文藝時代,文学,valid
ロンドン地下電気鉄道,産業,valid
スタンリー・ボールドウィン,歴史,valid
制服 (ナチス親衛隊),社会科学,valid
中田厚仁,歴史,valid
ハインズ・ウォード,芸術,valid
コンスタンティヌス1世,歴史,valid
安政南海地震,自然科学,valid
レオ10世による贖宥状,哲学,valid
経済成長の黄金律,社会科学,valid
津島市立図書館,総記,valid
マルテンサイト系ステンレス鋼,技術,valid
ワラキア蜂起,歴史,valid
ドイツ社会民主党,社会科学,valid
タヌキモ属,自然科学,valid
洞爺丸,技術,valid
ナチスの女性政策,社会科学,valid
アイザック・アシモフ,文学,valid
熊本電気,技術,valid
小田急20000形電車,技術,valid
日本のカレー,社会科学,valid
ラランデ暦書,総記,valid
日本のアウトサイダー・アート,芸術,valid
怡土城,歴史,valid
ラサ島鉱業所,歴史,valid
オットー・フランク,歴史,valid
志摩町越賀,歴史,valid
バヤズィト1世,歴史,valid
ドイツ社会主義統一党,社会科学,valid
バスク州,歴史,valid
ピッツバーグ,歴史,valid
プリオン,自然科学,valid
エジプト中王国,歴史,valid
ロシア帝国の歴史,歴史,valid
成生 (舞鶴市),歴史,valid
頸城トンネル,技術,valid
東大寺の歴史,哲学,valid
日本の高山植物相,自然科学,valid
元素,自然科学,valid
ピータールーの虐殺,歴史,valid
名港トリトン,技術,valid
壱岐丸,技術,valid
金沢電気軌道ED1形電気機関車,技術,valid
トーベ・ヤンソン,文学,valid
壬午軍乱,歴史,valid
キネトスコープ,芸術,valid
アロサウルス,自然科学,valid
宝永大噴火,自然科学,valid
三沢光晴,芸術,valid
西武E851形電気機関車,技術,valid
名鉄3500系電車 (初代),技術,valid
ゴート戦争,歴史,valid
江川崎,歴史,valid
氷貿易,産業,valid
アメリカ合衆国旅券,社会科学,valid
よしづきくみち,芸術,valid
加悦谷祭,社会科学,valid
海市,文学,valid
ミシェル・ノストラダムス師の予言集,哲学,valid
経ヶ岬灯台,歴史,valid
河内風穴,自然科学,valid
万葉翡翠,文学,valid
山本幡男,歴史,valid
埴輪 挂甲武人,芸術,valid
TRAPPIST-1,自然科学,valid
入湯税,社会科学,valid
太陽,自然科学,valid
東美鉄道デボ100形電車,技術,valid
熊谷空襲,歴史,valid
北川民次,芸術,valid
笠岡諸島,歴史,valid
ホウカム・ホール,技術,valid
遺伝子組み換え作物,産業,valid
箱根山戦争,産業,valid
南西諸島,歴史,valid
カルティニ,歴史,valid
マヨルカ島,歴史,valid
ガニメデ (衛星),自然科学,valid
中華人民共和国大飢饉,歴史,valid
シャコ目,自然科学,valid
カロリック説,自然科学,valid
ヘリコバクター・ピロリ,自然科学,valid
アルフ・フォン・ムト・ハイム,社会科学,valid
ビザンティン建築,技術,valid
谷田部 (つくば市),歴史,valid
硫黄鳥島,歴史,valid
フィリピン料理,技術,valid
早川雪洲,芸術,valid
師部,自然科学,valid
能代大火,歴史,valid
星口動物,自然科学,valid
聖家族 (ミケランジェロ),芸術,valid
日本占領時期のインドネシア,歴史,valid
タイ王国の便所,技術,valid
水銀の遺産アルマデンとイドリヤ,技術,valid
スポ根,社会科学,valid
堺市学童集団下痢症,自然科学,valid
星織ユメミライ,芸術,valid
宇良田唯,歴史,valid
日間賀島,歴史,valid
フルール・ド・リス,歴史,valid
アルブレヒト・フォン・ローン,歴史,valid
シルクロード (世界遺産),芸術,valid
トマス・ペラム＝ホリス (初代ニューカッスル公爵),歴史,valid
中国丹霞,歴史,valid
玉葉和歌集,文学,valid
氣比神宮,哲学,valid
園井恵子,芸術,valid
水理学,技術,valid
『バッハの旋律を夜に聴いたせいです。』,芸術,valid
毛野,歴史,valid
平糠のイヌブナ自然林,自然科学,valid
MIU404,芸術,valid
パルティア,歴史,valid
ナバラ州,歴史,valid
第1上野トンネル,技術,valid
ゴリオ爺さん,文学,valid
合成ダイヤモンド,技術,valid
ヘントの祭壇画,芸術,valid
ワルシャワ・ゲットー蜂起,歴史,valid
海王星,自然科学,valid
チャールズ・スペンサー (第3代サンダーランド伯),歴史,valid
ペラム・ベイ・パーク,産業,valid
小津安二郎,芸術,valid
トウカイテイオー,芸術,valid
東邦電力,技術,valid
レニウム鉱,自然科学,valid
叡山電鉄700系電車,技術,valid
ヴァンダル戦争,歴史,valid
職務著作,総記,valid
南方貨物線,産業,valid
吉野鉄道,産業,valid
羽根田利夫,歴史,valid
スコットランド議会,社会科学,valid
誓の御柱,哲学,valid
坊津町坊,歴史,valid
海へ (武満徹),芸術,valid
アーネスト・シャクルトン,歴史,valid
麟 (織田信長の花押),歴史,valid
ドミニカ侵攻,歴史,valid
ヨーグル,技術,valid
風信帖,芸術,valid
文化遺産保護制度,芸術,valid
トラフザメ,自然科学,valid
関門トンネル (山陽本線),技術,valid
ようこそ実力至上主義の教室へ (テレビアニメ),芸術,valid
激おこぷんぷん丸,言語,valid
ソープ事件,歴史,valid
大島大誓言,歴史,valid
近江鉄道モハ131形電車,技術,valid
パタゴン,歴史,valid
アレクサンドリア図書館,歴史,valid
クルアーンの日本語訳,哲学,valid
西武球場前駅,産業,valid
シーキングザパール,芸術,valid
乗鞍岳,歴史,valid
時計の歴史,技術,valid
日本の気候,自然科学,valid
アフリカ,歴史,valid
明応地震,自然科学,valid
荒木初子,歴史,valid
唐物抜荷事件,歴史,valid
青木鶴子,芸術,valid
筑波山神社・筑波大学計算科学研究センター共同気象観測所,自然科学,valid
桑名市立中央図書館,総記,valid
大人買い,産業,valid
松竹歌劇団,芸術,valid
柳窪,歴史,valid
小渋川,歴史,valid
日本におけるアフマディーヤ,哲学,valid
蜂群崩壊症候群,自然科学,valid
ストラスブールの大モスク,哲学,valid
ゲフィチニブ,自然科学,valid
地球,自然科学,valid
昭和28年西日本水害,社会科学,valid
ゲルニカ爆撃,歴史,valid
アレクサンドリア (ルイジアナ州),歴史,test
ベーカーストリート・アンド・ウォータールー鉄道,産業,test
千野敏子,歴史,test
アリソフの気候区分,自然科学,test
アルキメデス,歴史,test
愛知電気鉄道,産業,test
東よか干潟,歴史,test
古賀志町,歴史,test
チャールズ・ワトソン＝ウェントワース (第2代ロッキンガム侯),歴史,test
黒澤明,芸術,test
結城明日奈,文学,test
袖志の海女,産業,test
長府,歴史,test
ナデジダ・パヴロワ (1905年生のバレエダンサー),芸術,test
ステンレス鋼,技術,test
笹井芳樹,歴史,test
南極点,歴史,test
ダレイオス1世,歴史,test
フランク・ライカールト,芸術,test
半金属 (バンド理論),自然科学,test
デルスウ・ウザーラ (書籍),文学,test
和田野,歴史,test
マッキントッシュ (リンゴ),産業,test
地方競馬,芸術,test
グアテマラ革命,歴史,test
ドゥーン城,技術,test
オウム目,自然科学,test
オレゴン・ワイン,技術,test
龍角寺古墳群,歴史,test
国鉄203系電車,技術,test
システィーナの聖母,芸術,test
乳房再建,自然科学,test
温泉藻,自然科学,test
伊豆珪石鉱山,技術,test
水の江瀧子,芸術,test
2013年の東北楽天ゴールデンイーグルス,芸術,test
2013年チェリャビンスク州の隕石落下,自然科学,test
フリードリヒ2世 (神聖ローマ皇帝),歴史,test
オルダ・ウルス,歴史,test
日本軍によるアンダマン・ニコバル諸島の占領,歴史,test
タルボサウルス,自然科学,test
日立鉱山の大煙突,技術,test
長柄桜山古墳群,歴史,test
エメリヤーエンコ・ヒョードル,芸術,test
カボチャ陳情団,歴史,test
アルメニアの歴史,歴史,test
船山春子,文学,test
やおい,社会科学,test
チャールズ・グレイ (第2代グレイ伯爵),歴史,test
ワシントンD.C.,歴史,test
銀河,自然科学,test
判官贔屓,言語,test
ヨークシャー,歴史,test
タイタン (衛星),自然科学,test
小田急10000形電車,技術,test
ラムセス3世,歴史,test
ニシクロカジキ,自然科学,test
滝尻王子,哲学,test
目録学,総記,test
福岡県西方沖地震,自然科学,test
佐伯輝子,歴史,test
バイバルス,歴史,test
ガルム (雑誌),文学,test
リスボン条約,社会科学,test
イングロリアス・バスターズ,芸術,test
上野不忍池競馬,芸術,test
五式戦闘機,技術,test
木星の大気,自然科学,test
広滝水力電気,技術,test
日豪砂糖交渉,歴史,test
遠藤事件,社会科学,test
八丈小島のマレー糸状虫症,自然科学,test
ミューラー型擬態,自然科学,test
雨氷,自然科学,test
ミネアポリス,歴史,test
近江八幡市立図書館,総記,test
琴引浜,歴史,test
蒲原鉄道線,産業,test
クロアジモドキ,自然科学,test
間崎島,歴史,test
ラス・メニーナス,芸術,test
第2上野トンネル,技術,test
湖畔 (絵画),芸術,test
インカ道,歴史,test
長登銅山,技術,test
陪審制,社会科学,test
周期表,自然科学,test
浅間山古墳 (栄町),歴史,test
モリスコ,哲学,test
ヨセミテ国立公園,歴史,test
ティウィ諸島,歴史,test
太子信仰,社会科学,test
赤痢菌,自然科学,test
アメリカ合衆国における東アジア人のステレオタイプ,社会科学,test
安政東海地震,自然科学,test
ドナー隊,歴史,test
犀 (木版画),芸術,test
イスラーム建築,技術,test
オーステナイト系ステンレス鋼,技術,test
水底トンネル,技術,test
ラインハルト・ハイドリヒ,歴史,test
豊橋鬼祭,社会科学,test
サーマーン朝,歴史,test
黄金虫 (小説),文学,test
妙国寺のソテツ,自然科学,test
横浜新田競馬場,芸術,test
ファスティアン作戦,歴史,test
ラジニカーント,芸術,test
仏印進駐,歴史,test
小田急ロマンスカー,産業,test
福井鉄道F1000形電車,技術,test
犬島,歴史,test
ある心の風景,文学,test
ネリー・ブライ,歴史,test
オスカー・スレイター事件,社会科学,test
陳時中,歴史,test
京王7000系電車,技術,test
ユーロビジョン・ソング・コンテスト2009,芸術,test
那智参詣曼荼羅,哲学,test
袖志の棚田,歴史,test
名鉄6000系電車,技術,test
那須塩原市図書館,総記,test
ノストラダムス,哲学,test
放生祭,社会科学,test
東京駅の歴史,産業,test
デジタルミレニアム著作権法,総記,test
トーマス・マコーリー,歴史,test
ダライ・ラマ13世,哲学,test
ライスシャワー,芸術,test
小田急3000形電車 (初代),技術,test
ビラ・スタンモーア夜戦,歴史,test
ニューヨーク,歴史,test
ウィリアム・グレンヴィル (初代グレンヴィル男爵),歴史,test
オレゴン州会議事堂,技術,test
大正天皇,歴史,test
2009年バラク・オバマ大統領就任式,歴史,test
中国におけるイスラーム,哲学,test
ザイヤーン朝,歴史,test
著作権法 (アメリカ合衆国),総記,test
アムステルダムの運河,歴史,test
東大寺法華堂,哲学,test
龍幸伸,芸術,test
郡上一揆,歴史,test
税所敦子,文学,test
京都小学生殺害事件,社会科学,test
アレッポ城,技術,test
安東氏,歴史,test
五日市鉄道,産業,test
ハインリヒ・ヒムラー,歴史,test
ベテルギウス,自然科学,test
下館事件,社会科学,test
クレフテス,歴史,test
小田原電気鉄道チキ2形電車,技術,test
二股ソケット,技術,test
酢酸,自然科学,test
ZMC-2,技術,test
前1200年のカタストロフ,歴史,test
能動的三分間,芸術,test
発泡プラスチック,技術,test
二階堂トクヨ,歴史,test
浅虫温泉,歴史,test
ドイツのための選択肢,社会科学,test
メンフィス (エジプト),歴史,test
キャベツウニ,産業,test
渡辺カネ,歴史,test
オキチモズク,自然科学,test
アラン・ムーア,芸術,test
久世岳,芸術,test
菌輪,自然科学,test
アスファルト混合物,技術,test
トウショウボーイ,芸術,test
PPG I,自然科学,test
ナポリタン,技術,test
メフメト2世,歴史,test
カール14世ヨハン (スウェーデン王),歴史,test
中世日本語,言語,test
ブレーメン,歴史,test
ジョルジュ・ビゴー,芸術,test
南新宮社,哲学,test
第二次内乱 (イスラーム史),歴史,test
エリザベス・スプレーグ・クーリッジ,芸術,test
変電所,技術,test
リチウム,自然科学,test
狂つた一頁,芸術,test
カアバ,哲学,test
ローレン・バコール,芸術,test
電気パン,技術,test
トリニティ・カレッジ (ダブリン大学),社会科学,test
ベラ湾夜戦,歴史,test
ブルゴーニュのブドウ畑のクリマ,芸術,test
東京うど,産業,test
御嶽山,歴史,test
ヨコフリオウギビタキ,自然科学,test
小浜 (京丹後市),歴史,test
カルマルカ*サークル,芸術,train
D.B.クーパー事件,産業,train
天色＊アイルノーツ,芸術,train
蔣経国,歴史,train
