wiki_header,class,key_1,key_2
プロトン化水素分子,4,r_01_プロトン化水素分子_平易化.xlsx,r_02_プロトン化水素分子_平易化.xlsx
ポーツマス条約,2,r_01_ポーツマス条約_平易化.xlsx,r_02_ポーツマス条約_平易化.xlsx
名古屋環状2号線,5,r_01_名古屋環状2号線_平易化.xlsx,r_02_名古屋環状2号線_平易化.xlsx
すきやき (ふりかけ),5,r_01_すきやき (ふりかけ)_平易化.xlsx,r_02_すきやき (ふりかけ)_平易化.xlsx
シネマトグラフ,7,r_01_シネマトグラフ_平易化.xlsx,r_02_シネマトグラフ_平易化.xlsx
恒藤規隆,2,r_01_恒藤規隆_平易化.xlsx,r_02_恒藤規隆_平易化.xlsx
ウデヘ,3,r_01_ウデヘ_平易化.xlsx,r_02_ウデヘ_平易化.xlsx
伊勢暴動,2,r_01_伊勢暴動_平易化.xlsx,r_02_伊勢暴動_平易化.xlsx
グレートバリアリーフ,2,r_01_グレートバリアリーフ_平易化.xlsx,r_02_グレートバリアリーフ_平易化.xlsx
交響曲第5番 (チャイコフスキー),7,r_01_交響曲第5番 (チャイコフスキー)_平易化.xlsx,r_02_交響曲第5番 (チャイコフスキー)_平易化.xlsx
バラク・オバマの広島訪問,2,r_01_バラク・オバマの広島訪問_平易化.xlsx,r_02_バラク・オバマの広島訪問_平易化.xlsx
箒川鉄橋列車転落事故,6,r_01_箒川鉄橋列車転落事故_平易化.xlsx,r_02_箒川鉄橋列車転落事故_平易化.xlsx
ロバート・ピール,2,r_01_ロバート・ピール_平易化.xlsx,r_02_ロバート・ピール_平易化.xlsx
海王星の環,4,r_01_海王星の環_平易化.xlsx,r_02_海王星の環_平易化.xlsx
チューレ空軍基地米軍機墜落事故,3,r_01_チューレ空軍基地米軍機墜落事故_平易化.xlsx,r_02_チューレ空軍基地米軍機墜落事故_平易化.xlsx
DNAナノテクノロジー,5,r_01_DNAナノテクノロジー_平易化.xlsx,r_02_DNAナノテクノロジー_平易化.xlsx
デビッド・ロイド・ジョージ,2,r_01_デビッド・ロイド・ジョージ_平易化.xlsx,r_02_デビッド・ロイド・ジョージ_平易化.xlsx
エストニアの国籍,3,r_01_エストニアの国籍_平易化.xlsx,r_02_エストニアの国籍_平易化.xlsx
出石神社,1,r_01_出石神社_平易化.xlsx,r_02_出石神社_平易化.xlsx
イギリス東インド会社,2,r_01_イギリス東インド会社_平易化.xlsx,r_02_イギリス東インド会社_平易化.xlsx
オードリー・ヘプバーン,7,r_01_オードリー・ヘプバーン_平易化.xlsx,r_02_オードリー・ヘプバーン_平易化.xlsx
市川雷蔵 (8代目),7,s_01_市川雷蔵 (8代目)_平易化.xlsx,s_02_市川雷蔵 (8代目).xlsx
ウルグ・ベク,2,r_01_ウルグ・ベク_平易化.xlsx,r_02_ウルグ・ベク_平易化.xlsx
フリッツ・ハーバー,2,s_01_フリッツ・ハーバー_平易化.xlsx,s_02_フリッツ・ハーバー_平易化.xlsx
カーリル,0,r_01_カーリル_平易化.xlsx,r_02_カーリル_平易化.xlsx
ニュージーランド航空901便エレバス山墜落事故,5,r_01_ニュージーランド航空901便エレバス山墜落事故_平易化.xlsx,r_02_ニュージーランド航空901便エレバス山墜落事故_平易化.xlsx
名張牛汁,5,r_01_名張牛汁_平易化.xlsx,r_02_名張牛汁_平易化.xlsx
こまねこまつり,3,r_01_こまねこまつり_平易化.xlsx,r_02_こまねこまつり_平易化.xlsx
六角堂 (北茨城市),7,r_01_六角堂 (北茨城市)_平易化.xlsx,r_02_六角堂 (北茨城市)_平易化.xlsx
血小板,4,r_01_血小板_平易化.xlsx,r_02_血小板_平易化.xlsx
イギリスの経済,3,r_01_イギリスの経済_平易化.xlsx,r_02_イギリスの経済_平易化.xlsx
塩沢トンネル,5,r_01_塩沢トンネル_平易化.xlsx,r_02_塩沢トンネル_平易化.xlsx
セル・オートマトン,4,r_01_セル・オートマトン_平易化.xlsx,r_02_セル・オートマトン_平易化.xlsx
夜長姫と耳男,9,r_01_夜長姫と耳男_平易化.xlsx,r_02_夜長姫と耳男_平易化.xlsx
プレスター・ジョン,1,r_01_プレスター・ジョン_平易化.xlsx,r_02_プレスター・ジョン_平易化.xlsx
高橋瑞子,2,r_01_高橋瑞子_平易化.xlsx,r_02_高橋瑞子_平易化.xlsx
ハーゲン・ポアズイユ流れ,4,r_01_ハーゲン・ポアズイユ流れ_平易化.xlsx,r_02_ハーゲン・ポアズイユ流れ_平易化.xlsx
ジョージ・カニング,2,r_01_ジョージ・カニング_平易化.xlsx,r_02_ジョージ・カニング_平易化.xlsx
ソビエト連邦の食事情,3,r_01_ソビエト連邦の食事情_平易化.xlsx,r_02_ソビエト連邦の食事情_平易化.xlsx
2019年6月16日香港逃亡犯条例改正案反対デモ,3,r_01_2019年6月16日香港逃亡犯条例改正案反対デモ_平易化.xlsx,r_02_2019年6月16日香港逃亡犯条例改正案反対デモ_平易化.xlsx
中国の陶磁器,7,r_01_中国の陶磁器_平易化.xlsx,r_02_中国の陶磁器_平易化.xlsx
紀州征伐,2,r_01_紀州征伐_平易化.xlsx,r_02_紀州征伐_平易化.xlsx
アドルフ・ヒトラーの死,2,r_01_アドルフ・ヒトラーの死_平易化.xlsx,r_02_アドルフ・ヒトラーの死_平易化.xlsx
吹奏楽の歴史,7,r_01_吹奏楽の歴史_平易化.xlsx,r_02_吹奏楽の歴史_平易化.xlsx
青空 (雑誌),9,r_01_青空 (雑誌)_平易化.xlsx,r_02_青空 (雑誌)_平易化.xlsx
橋本宗吉,2,r_01_橋本宗吉_平易化.xlsx,r_02_橋本宗吉_平易化.xlsx
栃木県庁の移転,2,r_01_栃木県庁の移転_平易化.xlsx,r_02_栃木県庁の移転_平易化.xlsx
カンボジア特別法廷,2,r_01_カンボジア特別法廷_平易化.xlsx,r_02_カンボジア特別法廷_平易化.xlsx
広島電鉄,6,r_01_広島電鉄_平易化.xlsx,r_02_広島電鉄_平易化.xlsx
磯 (京丹後市),2,r_01_磯 (京丹後市)_平易化.xlsx,r_02_磯 (京丹後市)_平易化.xlsx
百済,2,r_01_百済_平易化.xlsx,r_02_百済_平易化.xlsx
御幸道路,2,r_01_御幸道路_平易化.xlsx,r_02_御幸道路_平易化.xlsx
世界金融危機 (2007年-2010年),3,r_01_世界金融危機 (2007年-2010年)_平易化.xlsx,r_02_世界金融危機 (2007年-2010年)_平易化.xlsx
ミネルバ (ローバー),5,r_01_ミネルバ (ローバー)_平易化.xlsx,r_02_ミネルバ (ローバー)_平易化.xlsx
大日本沿海輿地全図,4,r_01_大日本沿海輿地全図_平易化.xlsx,r_02_大日本沿海輿地全図_平易化.xlsx
ロベルト・シューマン,7,s_01_ロベルト・シューマン_平易化.xlsx,s_02_ロベルト・シューマン.xlsx
石淵ダム,5,r_01_石淵ダム_平易化.xlsx,r_02_石淵ダム_平易化.xlsx
朝鮮民主主義人民共和国の経済史,3,r_01_朝鮮民主主義人民共和国の経済史_平易化.xlsx,r_02_朝鮮民主主義人民共和国の経済史_平易化.xlsx
トレイン・シェッド,5,r_01_トレイン・シェッド_平易化.xlsx,r_02_トレイン・シェッド_平易化.xlsx
セシウム,4,r_01_セシウム_平易化.xlsx,r_02_セシウム_平易化.xlsx
ボルガル遺跡,7,r_01_ボルガル遺跡_平易化.xlsx,r_02_ボルガル遺跡_平易化.xlsx
詩,9,r_01_詩_平易化.xlsx,r_02_詩_平易化.xlsx
綿ふき病,4,r_01_綿ふき病_平易化.xlsx,r_02_綿ふき病_平易化.xlsx
ニュルンベルクのマイスタージンガー,7,r_01_ニュルンベルクのマイスタージンガー_平易化.xlsx,r_02_ニュルンベルクのマイスタージンガー_平易化.xlsx
西遊記の成立史,9,r_01_西遊記の成立史_平易化.xlsx,r_02_西遊記の成立史_平易化.xlsx
マニラ奇襲 (1798年),2,r_01_マニラ奇襲 (1798年)_平易化.xlsx,r_02_マニラ奇襲 (1798年)_平易化.xlsx
ファーティマ朝のエジプト侵攻 (919年-921年),2,r_01_ファーティマ朝のエジプト侵攻 (919年-921年)_平易化.xlsx,r_02_ファーティマ朝のエジプト侵攻 (919年-921年)_平易化.xlsx
メジロライアン,7,r_01_メジロライアン_平易化.xlsx,r_02_メジロライアン_平易化.xlsx
阿波電気軌道,6,r_01_阿波電気軌道_平易化.xlsx,r_02_阿波電気軌道_平易化.xlsx
軍服 (ドイツ国防軍空軍),3,r_01_軍服 (ドイツ国防軍空軍)_平易化.xlsx,r_02_軍服 (ドイツ国防軍空軍)_平易化.xlsx
スペインワイン,5,r_01_スペインワイン_平易化.xlsx,r_02_スペインワイン_平易化.xlsx
カリフォルニアネコザメ,4,r_01_カリフォルニアネコザメ_平易化.xlsx,r_02_カリフォルニアネコザメ_平易化.xlsx
陳朝,2,r_01_陳朝_平易化.xlsx,r_02_陳朝_平易化.xlsx
ようこそ実力至上主義の教室へ,9,r_01_ようこそ実力至上主義の教室へ_平易化.xlsx,r_02_ようこそ実力至上主義の教室へ_平易化.xlsx
池水は濁りににごり藤波の影もうつらず雨降りしきる,9,r_01_池水は濁りににごり藤波の影もうつらず雨降りしきる_平易化.xlsx,r_02_池水は濁りににごり藤波の影もうつらず雨降りしきる_平易化.xlsx
社寺参詣曼荼羅,1,r_01_社寺参詣曼荼羅_平易化.xlsx,r_02_社寺参詣曼荼羅_平易化.xlsx
兵士と笑う女,7,r_01_兵士と笑う女_平易化.xlsx,r_02_兵士と笑う女_平易化.xlsx
火の海,7,r_01_火の海_平易化.xlsx,r_02_火の海_平易化.xlsx
エドワード・ウッド (初代ハリファックス伯爵),2,r_01_エドワード・ウッド (初代ハリファックス伯爵)_平易化.xlsx,r_02_エドワード・ウッド (初代ハリファックス伯爵)_平易化.xlsx
岡山地底湖行方不明事故,2,r_01_岡山地底湖行方不明事故_平易化.xlsx,r_02_岡山地底湖行方不明事故_平易化.xlsx
ハチ (ヒョウ),4,r_01_ハチ (ヒョウ)_平易化.xlsx,r_02_ハチ (ヒョウ)_平易化.xlsx
宝永地震,4,r_01_宝永地震_平易化.xlsx,r_02_宝永地震_平易化.xlsx
チャリングクロス・ユーストン・アンド・ハムステッド鉄道,6,r_01_チャリングクロス・ユーストン・アンド・ハムステッド鉄道_平易化.xlsx,r_02_チャリングクロス・ユーストン・アンド・ハムステッド鉄道_平易化.xlsx
大槻磐渓,2,r_01_大槻磐渓_平易化.xlsx,r_02_大槻磐渓_平易化.xlsx
九州水力電気,5,r_01_九州水力電気_平易化.xlsx,r_02_九州水力電気_平易化.xlsx
トロールズ ミュージック★パワー,7,r_01_トロールズ ミュージック★パワー_平易化.xlsx,r_02_トロールズ ミュージック★パワー_平易化.xlsx
満洲還付条約,2,r_01_満洲還付条約_平易化.xlsx,r_02_満洲還付条約_平易化.xlsx
田の神,3,r_01_田の神_平易化.xlsx,r_02_田の神_平易化.xlsx
スペイン料理,5,r_01_スペイン料理_平易化.xlsx,r_02_スペイン料理_平易化.xlsx
中国の青銅器,7,r_01_中国の青銅器_平易化.xlsx,r_02_中国の青銅器_平易化.xlsx
郭泰源,7,r_01_郭泰源_平易化.xlsx,r_02_郭泰源_平易化.xlsx
カミーユ・ピサロ,7,r_01_カミーユ・ピサロ_平易化.xlsx,r_02_カミーユ・ピサロ_平易化.xlsx
根府川駅列車転落事故,6,r_01_根府川駅列車転落事故_平易化.xlsx,r_02_根府川駅列車転落事故_平易化.xlsx
犬小屋 (江戸幕府),2,r_01_犬小屋 (江戸幕府)_平易化.xlsx,r_02_犬小屋 (江戸幕府)_平易化.xlsx
日本の道路標識,5,r_01_日本の道路標識_平易化.xlsx,r_02_日本の道路標識_平易化.xlsx
藤織り,5,r_01_藤織り_平易化.xlsx,r_02_藤織り_平易化.xlsx
榎本三恵子,2,r_01_榎本三恵子_平易化.xlsx,r_02_榎本三恵子_平易化.xlsx
マクドネル・ダグラス MD-90,5,r_01_マクドネル・ダグラス MD-90_平易化.xlsx,r_02_マクドネル・ダグラス MD-90_平易化.xlsx
岡部幸雄,7,s_01_岡部幸雄_平易化.xlsx,s_02_岡部幸雄.xlsx
三木武夫,2,r_01_三木武夫_平易化.xlsx,r_02_三木武夫_平易化.xlsx
ウォルフ・ライエ星,4,r_01_ウォルフ・ライエ星_平易化.xlsx,r_02_ウォルフ・ライエ星_平易化.xlsx
カタルーニャ州,2,r_01_カタルーニャ州_平易化.xlsx,r_02_カタルーニャ州_平易化.xlsx
フーコーの振り子,4,r_01_フーコーの振り子_平易化.xlsx,r_02_フーコーの振り子_平易化.xlsx
水滸伝の成立史,9,r_01_水滸伝の成立史_平易化.xlsx,r_02_水滸伝の成立史_平易化.xlsx
福武電気鉄道デキ1形電気機関車,5,r_01_福武電気鉄道デキ1形電気機関車_平易化.xlsx,r_02_福武電気鉄道デキ1形電気機関車_平易化.xlsx
小辺路,2,s_01_小辺路_平易化.xlsx,s_02_小辺路.xlsx
ウィルタ,3,r_01_ウィルタ_平易化.xlsx,r_02_ウィルタ_平易化.xlsx
アウクスブルク,2,r_01_アウクスブルク_平易化.xlsx,r_02_アウクスブルク_平易化.xlsx
御土居下御側組同心,2,r_01_御土居下御側組同心_平易化.xlsx,r_02_御土居下御側組同心_平易化.xlsx
Charlotte (アニメ),7,r_01_Charlotte (アニメ)_平易化.xlsx,r_02_Charlotte (アニメ)_平易化.xlsx
大久野島の毒ガス製造,3,r_01_大久野島の毒ガス製造_平易化.xlsx,r_02_大久野島の毒ガス製造_平易化.xlsx
死の勝利 (ブリューゲル),7,r_01_死の勝利 (ブリューゲル)_平易化.xlsx,r_02_死の勝利 (ブリューゲル)_平易化.xlsx
罪と罰 (椎名林檎の曲),7,r_01_罪と罰 (椎名林檎の曲)_平易化.xlsx,r_02_罪と罰 (椎名林檎の曲)_平易化.xlsx
東慶寺,1,r_01_東慶寺_平易化.xlsx,r_02_東慶寺_平易化.xlsx
Last Labyrinth (ゲーム),7,r_01_Last Labyrinth (ゲーム)_平易化.xlsx,r_02_Last Labyrinth (ゲーム)_平易化.xlsx
老子,1,r_01_老子_平易化.xlsx,r_02_老子_平易化.xlsx
日本仏教の戒律史,1,r_01_日本仏教の戒律史_平易化.xlsx,r_02_日本仏教の戒律史_平易化.xlsx
アメリカ合衆国の経済史,3,r_01_アメリカ合衆国の経済史_平易化.xlsx,r_02_アメリカ合衆国の経済史_平易化.xlsx
バビロニア,2,r_01_バビロニア_平易化.xlsx,r_02_バビロニア_平易化.xlsx
食品サンプル,6,r_01_食品サンプル_平易化.xlsx,r_02_食品サンプル_平易化.xlsx
ウィリアム・グラッドストン,2,s_01_ウィリアム・グラッドストン_平易化.xlsx,s_02_ウィリアム・グラッドストン_平易化.xlsx
カルナック神殿,1,r_01_カルナック神殿_平易化.xlsx,r_02_カルナック神殿_平易化.xlsx
アグネスフライト,7,r_01_アグネスフライト_平易化.xlsx,r_02_アグネスフライト_平易化.xlsx
津軽丸 (2代),5,r_01_津軽丸 (2代)_平易化.xlsx,r_02_津軽丸 (2代)_平易化.xlsx
松本電灯,5,r_01_松本電灯_平易化.xlsx,r_02_松本電灯_平易化.xlsx
ぴあ (雑誌),0,r_01_ぴあ (雑誌)_平易化.xlsx,r_02_ぴあ (雑誌)_平易化.xlsx
ナンマトル,2,r_01_ナンマトル_平易化.xlsx,r_02_ナンマトル_平易化.xlsx
ウナギ科,4,r_01_ウナギ科_平易化.xlsx,r_02_ウナギ科_平易化.xlsx
北欧史,2,r_01_北欧史_平易化.xlsx,r_02_北欧史_平易化.xlsx
矢作水力,5,r_01_矢作水力_平易化.xlsx,r_02_矢作水力_平易化.xlsx
一畑電車,6,r_01_一畑電車_平易化.xlsx,r_02_一畑電車_平易化.xlsx
マックス・プランク,2,r_01_マックス・プランク_平易化.xlsx,r_02_マックス・プランク_平易化.xlsx
ギザの大ピラミッド,5,r_01_ギザの大ピラミッド_平易化.xlsx,r_02_ギザの大ピラミッド_平易化.xlsx
日本の貿易史,6,r_01_日本の貿易史_平易化.xlsx,r_02_日本の貿易史_平易化.xlsx
ゲルニカ (絵画),7,r_01_ゲルニカ (絵画)_平易化.xlsx,r_02_ゲルニカ (絵画)_平易化.xlsx
高力氏,2,r_01_高力氏_平易化.xlsx,r_02_高力氏_平易化.xlsx
織田信行,2,r_01_織田信行_平易化.xlsx,r_02_織田信行_平易化.xlsx
クロアチア王国 (925年-1102年),2,r_01_クロアチア王国 (925年-1102年)_平易化.xlsx,r_02_クロアチア王国 (925年-1102年)_平易化.xlsx
桜木遺跡 (世田谷区),2,r_01_桜木遺跡 (世田谷区)_平易化.xlsx,r_02_桜木遺跡 (世田谷区)_平易化.xlsx
名古屋急行電鉄,6,r_01_名古屋急行電鉄_平易化.xlsx,r_02_名古屋急行電鉄_平易化.xlsx
吾妻四郎助光,2,r_01_吾妻四郎助光_平易化.xlsx,r_02_吾妻四郎助光_平易化.xlsx
愛岐トンネル群,5,r_01_愛岐トンネル群_平易化.xlsx,r_02_愛岐トンネル群_平易化.xlsx
陸前高田市立図書館,0,r_01_陸前高田市立図書館_平易化.xlsx,r_02_陸前高田市立図書館_平易化.xlsx
埴輪 踊る人々,7,r_01_埴輪 踊る人々_平易化.xlsx,r_02_埴輪 踊る人々_平易化.xlsx
チャド・リビア紛争,2,r_01_チャド・リビア紛争_平易化.xlsx,r_02_チャド・リビア紛争_平易化.xlsx
ナポレオン3世,2,r_01_ナポレオン3世_平易化.xlsx,r_02_ナポレオン3世_平易化.xlsx
ボーイング717,5,r_01_ボーイング717_平易化.xlsx,r_02_ボーイング717_平易化.xlsx
白練緯地松皮菱竹模様小袖,5,r_01_白練緯地松皮菱竹模様小袖_平易化.xlsx,r_02_白練緯地松皮菱竹模様小袖_平易化.xlsx
小林ハル,7,r_01_小林ハル_平易化.xlsx,r_02_小林ハル_平易化.xlsx
ヘンリー・ペラム,2,r_01_ヘンリー・ペラム_平易化.xlsx,r_02_ヘンリー・ペラム_平易化.xlsx
ジョージ4世と競馬,7,r_01_ジョージ4世と競馬_平易化.xlsx,r_02_ジョージ4世と競馬_平易化.xlsx
暦書 (ノストラダムス),1,r_01_暦書 (ノストラダムス)_平易化.xlsx,r_02_暦書 (ノストラダムス)_平易化.xlsx
ハンセン病,4,s_01_ハンセン病_平易化.xlsx,s_02_ハンセン病_平易化.xlsx
アンドレイ・ルブリョフ (映画),7,r_01_アンドレイ・ルブリョフ (映画)_平易化.xlsx,r_02_アンドレイ・ルブリョフ (映画)_平易化.xlsx
95か条の論題,1,r_01_95か条の論題_平易化.xlsx,r_02_95か条の論題_平易化.xlsx
フェライト系ステンレス鋼,5,r_01_フェライト系ステンレス鋼_平易化.xlsx,r_02_フェライト系ステンレス鋼_平易化.xlsx
リンカーン大統領暗殺事件,2,r_01_リンカーン大統領暗殺事件_平易化.xlsx,r_02_リンカーン大統領暗殺事件_平易化.xlsx
文観,1,r_01_文観_平易化.xlsx,r_02_文観_平易化.xlsx
JR九州883系電車,5,r_01_JR九州883系電車_平易化.xlsx,r_02_JR九州883系電車_平易化.xlsx
名鉄7000系電車,5,r_01_名鉄7000系電車_平易化.xlsx,r_02_名鉄7000系電車_平易化.xlsx
高句麗,2,r_01_高句麗_平易化.xlsx,r_02_高句麗_平易化.xlsx
東京乗合自動車,6,r_01_東京乗合自動車_平易化.xlsx,r_02_東京乗合自動車_平易化.xlsx
三里塚闘争,6,s_01_三里塚闘争_平易化.xlsx,s_02_三里塚闘争.xlsx
チャンアンの景観関連遺産,7,r_01_チャンアンの景観関連遺産_平易化.xlsx,r_02_チャンアンの景観関連遺産_平易化.xlsx
オランダ黄金時代の絵画,7,r_01_オランダ黄金時代の絵画_平易化.xlsx,r_02_オランダ黄金時代の絵画_平易化.xlsx
ペリー上陸記念碑,2,r_01_ペリー上陸記念碑_平易化.xlsx,r_02_ペリー上陸記念碑_平易化.xlsx
人形峠,2,r_01_人形峠_平易化.xlsx,r_02_人形峠_平易化.xlsx
天災は忘れた頃にやってくる,3,r_01_天災は忘れた頃にやってくる_平易化.xlsx,r_02_天災は忘れた頃にやってくる_平易化.xlsx
ルイス・アルヴェス・デ・リマ・エ・シルヴァ (カシアス公爵),2,r_01_ルイス・アルヴェス・デ・リマ・エ・シルヴァ (カシアス公爵)_平易化.xlsx,r_02_ルイス・アルヴェス・デ・リマ・エ・シルヴァ (カシアス公爵)_平易化.xlsx
インフルエンザワクチン,4,r_01_インフルエンザワクチン_平易化.xlsx,r_02_インフルエンザワクチン_平易化.xlsx
ナチス・ドイツの経済,3,r_01_ナチス・ドイツの経済_平易化.xlsx,r_02_ナチス・ドイツの経済_平易化.xlsx
第五次イタリア戦争,2,r_01_第五次イタリア戦争_平易化.xlsx,r_02_第五次イタリア戦争_平易化.xlsx
下山千歳白菜,6,r_01_下山千歳白菜_平易化.xlsx,r_02_下山千歳白菜_平易化.xlsx
道管,4,r_01_道管_平易化.xlsx,r_02_道管_平易化.xlsx
ラクタリウス・インディゴ,4,r_01_ラクタリウス・インディゴ_平易化.xlsx,r_02_ラクタリウス・インディゴ_平易化.xlsx
櫻間伴馬,7,r_01_櫻間伴馬_平易化.xlsx,r_02_櫻間伴馬_平易化.xlsx
津軽ダム,5,r_01_津軽ダム_平易化.xlsx,r_02_津軽ダム_平易化.xlsx
新丸山ダム,5,r_01_新丸山ダム_平易化.xlsx,r_02_新丸山ダム_平易化.xlsx
パラグアイの歴史,2,r_01_パラグアイの歴史_平易化.xlsx,r_02_パラグアイの歴史_平易化.xlsx
伊勢湾岸自動車道,5,r_01_伊勢湾岸自動車道_平易化.xlsx,r_02_伊勢湾岸自動車道_平易化.xlsx
ドクダミ,4,r_01_ドクダミ_平易化.xlsx,r_02_ドクダミ_平易化.xlsx
鍋立山トンネル,5,r_01_鍋立山トンネル_平易化.xlsx,r_02_鍋立山トンネル_平易化.xlsx
ヤングスタウン (オハイオ州),2,r_01_ヤングスタウン (オハイオ州)_平易化.xlsx,r_02_ヤングスタウン (オハイオ州)_平易化.xlsx
チャールズ・ヴィリアーズ・スタンフォード,7,r_01_チャールズ・ヴィリアーズ・スタンフォード_平易化.xlsx,r_02_チャールズ・ヴィリアーズ・スタンフォード_平易化.xlsx
エドガー・アラン・ポー,9,r_01_エドガー・アラン・ポー_平易化.xlsx,r_02_エドガー・アラン・ポー_平易化.xlsx
結縄,8,r_01_結縄_平易化.xlsx,r_02_結縄_平易化.xlsx
高山市図書館,0,r_01_高山市図書館_平易化.xlsx,r_02_高山市図書館_平易化.xlsx
カナダ侵攻作戦,2,r_01_カナダ侵攻作戦_平易化.xlsx,r_02_カナダ侵攻作戦_平易化.xlsx
薩摩藩の天保改革,2,r_01_薩摩藩の天保改革_平易化.xlsx,r_02_薩摩藩の天保改革_平易化.xlsx
会計史,3,r_01_会計史_平易化.xlsx,r_02_会計史_平易化.xlsx
日本の獣肉食の歴史,3,r_01_日本の獣肉食の歴史_平易化.xlsx,r_02_日本の獣肉食の歴史_平易化.xlsx
アクロン (オハイオ州),2,r_01_アクロン (オハイオ州)_平易化.xlsx,r_02_アクロン (オハイオ州)_平易化.xlsx
ドイツ国大統領,2,r_01_ドイツ国大統領_平易化.xlsx,r_02_ドイツ国大統領_平易化.xlsx
西武3000系電車,5,r_01_西武3000系電車_平易化.xlsx,r_02_西武3000系電車_平易化.xlsx
第五海洋丸の遭難,5,r_01_第五海洋丸の遭難_平易化.xlsx,r_02_第五海洋丸の遭難_平易化.xlsx
0.999...,4,s_01_0.999..._平易化.xlsx,s_02_0.999..._平易化.xlsx
欧州連合の言語,8,r_01_欧州連合の言語_平易化.xlsx,r_02_欧州連合の言語_平易化.xlsx
ジョージ・グレンヴィル,2,r_01_ジョージ・グレンヴィル_平易化.xlsx,r_02_ジョージ・グレンヴィル_平易化.xlsx
太宰治と自殺,9,r_01_太宰治と自殺_平易化.xlsx,r_02_太宰治と自殺_平易化.xlsx
みどり荘事件,3,s_01_みどり荘事件_平易化.xlsx,s_02_みどり荘事件_平易化.xlsx
上甑島,2,r_01_上甑島_平易化.xlsx,r_02_上甑島_平易化.xlsx
御橋通り,2,r_01_御橋通り_平易化.xlsx,r_02_御橋通り_平易化.xlsx
喉鳴らし,4,r_01_喉鳴らし_平易化.xlsx,r_02_喉鳴らし_平易化.xlsx
チャールズ・チャップリン,7,r_01_チャールズ・チャップリン_平易化.xlsx,r_02_チャールズ・チャップリン_平易化.xlsx
サルゴン2世,2,r_01_サルゴン2世_平易化.xlsx,r_02_サルゴン2世_平易化.xlsx
サンドマン (ヴァーティゴ),7,s_01_サンドマン (ヴァーティゴ)_平易化.xlsx,s_02_サンドマン (ヴァーティゴ)_平易化.xlsx
グレート・ノーザン・ピカデリー・アンド・ブロンプトン鉄道,6,r_01_グレート・ノーザン・ピカデリー・アンド・ブロンプトン鉄道_平易化.xlsx,r_02_グレート・ノーザン・ピカデリー・アンド・ブロンプトン鉄道_平易化.xlsx
2019年6月12日香港逃亡犯条例改正案反対デモ,3,r_01_2019年6月12日香港逃亡犯条例改正案反対デモ_平易化.xlsx,r_02_2019年6月12日香港逃亡犯条例改正案反対デモ_平易化.xlsx
テイルズ オブ レジェンディア,7,s_01_テイルズ オブ レジェンディア_平易化.xlsx,s_02_テイルズ オブ レジェンディア_平易化.xlsx
ヒトに由来する生薬,4,r_01_ヒトに由来する生薬_平易化.xlsx,r_02_ヒトに由来する生薬_平易化.xlsx
皇太子徳仁親王と小和田雅子の結婚の儀,2,r_01_皇太子徳仁親王と小和田雅子の結婚の儀_平易化.xlsx,r_02_皇太子徳仁親王と小和田雅子の結婚の儀_平易化.xlsx
カトリーヌ・ド・メディシス,2,r_01_カトリーヌ・ド・メディシス_平易化.xlsx,r_02_カトリーヌ・ド・メディシス_平易化.xlsx
上野楢原のシオジ林,4,r_01_上野楢原のシオジ林_平易化.xlsx,r_02_上野楢原のシオジ林_平易化.xlsx
ロジスティック方程式,4,r_01_ロジスティック方程式_平易化.xlsx,r_02_ロジスティック方程式_平易化.xlsx
広東システム,2,r_01_広東システム_平易化.xlsx,r_02_広東システム_平易化.xlsx
クレタ島の歴史,2,r_01_クレタ島の歴史_平易化.xlsx,r_02_クレタ島の歴史_平易化.xlsx
発芽,4,r_01_発芽_平易化.xlsx,r_02_発芽_平易化.xlsx
お白石持,1,r_01_お白石持_平易化.xlsx,r_02_お白石持_平易化.xlsx
ヒトデ,4,r_01_ヒトデ_平易化.xlsx,r_02_ヒトデ_平易化.xlsx
オットー・フォン・ハプスブルク,2,r_01_オットー・フォン・ハプスブルク_平易化.xlsx,r_02_オットー・フォン・ハプスブルク_平易化.xlsx
ジェレミー・ソープ,2,r_01_ジェレミー・ソープ_平易化.xlsx,r_02_ジェレミー・ソープ_平易化.xlsx
豊橋市の映画館,7,r_01_豊橋市の映画館_平易化.xlsx,r_02_豊橋市の映画館_平易化.xlsx
タンジマート,2,r_01_タンジマート_平易化.xlsx,r_02_タンジマート_平易化.xlsx
プランバナン寺院群,1,r_01_プランバナン寺院群_平易化.xlsx,r_02_プランバナン寺院群_平易化.xlsx
ヘビの鱗,4,r_01_ヘビの鱗_平易化.xlsx,r_02_ヘビの鱗_平易化.xlsx
イリオモテヤマネコ,4,r_01_イリオモテヤマネコ_平易化.xlsx,r_02_イリオモテヤマネコ_平易化.xlsx
アレクサンドル・ゴルチャコフ,2,r_01_アレクサンドル・ゴルチャコフ_平易化.xlsx,r_02_アレクサンドル・ゴルチャコフ_平易化.xlsx
北西航路,6,r_01_北西航路_平易化.xlsx,r_02_北西航路_平易化.xlsx
鷲子山上神社,1,r_01_鷲子山上神社_平易化.xlsx,r_02_鷲子山上神社_平易化.xlsx
オオカミの再導入,4,r_01_オオカミの再導入_平易化.xlsx,r_02_オオカミの再導入_平易化.xlsx
玉置神社,1,r_01_玉置神社_平易化.xlsx,r_02_玉置神社_平易化.xlsx
スティエパン・トマシェヴィチ (ボスニア王),2,r_01_スティエパン・トマシェヴィチ (ボスニア王)_平易化.xlsx,r_02_スティエパン・トマシェヴィチ (ボスニア王)_平易化.xlsx
ウィリアム・ペティ (第2代シェルバーン伯),2,r_01_ウィリアム・ペティ (第2代シェルバーン伯)_平易化.xlsx,r_02_ウィリアム・ペティ (第2代シェルバーン伯)_平易化.xlsx
ハイセイコー,7,r_01_ハイセイコー_平易化.xlsx,r_02_ハイセイコー_平易化.xlsx
斎藤智恵子,2,r_01_斎藤智恵子_平易化.xlsx,r_02_斎藤智恵子_平易化.xlsx
法量,7,r_01_法量_平易化.xlsx,r_02_法量_平易化.xlsx
アフリカン・ワックス・プリント,3,r_01_アフリカン・ワックス・プリント_平易化.xlsx,r_02_アフリカン・ワックス・プリント_平易化.xlsx
大山崎油座,2,r_01_大山崎油座_平易化.xlsx,r_02_大山崎油座_平易化.xlsx
山中貞雄,7,r_01_山中貞雄_平易化.xlsx,r_02_山中貞雄_平易化.xlsx
電気,5,r_01_電気_平易化.xlsx,r_02_電気_平易化.xlsx
三越日本橋本店,6,r_01_三越日本橋本店_平易化.xlsx,r_02_三越日本橋本店_平易化.xlsx
褐藻,4,r_01_褐藻_平易化.xlsx,r_02_褐藻_平易化.xlsx
北樺太石油,2,r_01_北樺太石油_平易化.xlsx,r_02_北樺太石油_平易化.xlsx
檜山丸 (初代),5,r_01_檜山丸 (初代)_平易化.xlsx,r_02_檜山丸 (初代)_平易化.xlsx
なんちゃっておじさん,3,r_01_なんちゃっておじさん_平易化.xlsx,r_02_なんちゃっておじさん_平易化.xlsx
老人と海,9,r_01_老人と海_平易化.xlsx,r_02_老人と海_平易化.xlsx
木曽川電力,5,r_01_木曽川電力_平易化.xlsx,r_02_木曽川電力_平易化.xlsx
アレクサンダー・グラハム・ベル,2,r_01_アレクサンダー・グラハム・ベル_平易化.xlsx,r_02_アレクサンダー・グラハム・ベル_平易化.xlsx
コソボの歴史,2,r_01_コソボの歴史_平易化.xlsx,r_02_コソボの歴史_平易化.xlsx
シジミタテハ科,4,r_01_シジミタテハ科_平易化.xlsx,r_02_シジミタテハ科_平易化.xlsx
パルミラ,2,r_01_パルミラ_平易化.xlsx,r_02_パルミラ_平易化.xlsx
たんぽぽ (小説),9,r_01_たんぽぽ (小説)_平易化.xlsx,r_02_たんぽぽ (小説)_平易化.xlsx
私作る人、僕食べる人,6,r_01_私作る人、僕食べる人_平易化.xlsx,r_02_私作る人、僕食べる人_平易化.xlsx
名鉄モ770形電車 (初代),5,r_01_名鉄モ770形電車 (初代)_平易化.xlsx,r_02_名鉄モ770形電車 (初代)_平易化.xlsx
バタフライ効果,4,r_01_バタフライ効果_平易化.xlsx,r_02_バタフライ効果_平易化.xlsx
小松 (料亭),2,r_01_小松 (料亭)_平易化.xlsx,r_02_小松 (料亭)_平易化.xlsx
マリ・キュリー,2,r_01_マリ・キュリー_平易化.xlsx,r_02_マリ・キュリー_平易化.xlsx
ストーンウォールの反乱,2,r_01_ストーンウォールの反乱_平易化.xlsx,r_02_ストーンウォールの反乱_平易化.xlsx
大洋,4,r_01_大洋_平易化.xlsx,r_02_大洋_平易化.xlsx
フェルディナント・ライトナー,7,r_01_フェルディナント・ライトナー_平易化.xlsx,r_02_フェルディナント・ライトナー_平易化.xlsx
高橋至時,2,r_01_高橋至時_平易化.xlsx,r_02_高橋至時_平易化.xlsx
マリー＝アンヌ・ピエレット・ポールズ,2,r_01_マリー＝アンヌ・ピエレット・ポールズ_平易化.xlsx,r_02_マリー＝アンヌ・ピエレット・ポールズ_平易化.xlsx
神道の歴史,1,r_01_神道の歴史_平易化.xlsx,r_02_神道の歴史_平易化.xlsx
貝貨,3,r_01_貝貨_平易化.xlsx,r_02_貝貨_平易化.xlsx
ナスル (ナスル朝),2,r_01_ナスル (ナスル朝)_平易化.xlsx,r_02_ナスル (ナスル朝)_平易化.xlsx
水琴窟,6,r_01_水琴窟_平易化.xlsx,r_02_水琴窟_平易化.xlsx
利根川,2,s_01_利根川_平易化.xlsx,s_02_利根川.xlsx
尼港事件,2,r_01_尼港事件_平易化.xlsx,r_02_尼港事件_平易化.xlsx
バラク・オバマの国籍陰謀論,3,r_01_バラク・オバマの国籍陰謀論_平易化.xlsx,r_02_バラク・オバマの国籍陰謀論_平易化.xlsx
名鉄モ600形電車 (2代),5,r_01_名鉄モ600形電車 (2代)_平易化.xlsx,r_02_名鉄モ600形電車 (2代)_平易化.xlsx
イレーヌ・ジョリオ＝キュリー,2,r_01_イレーヌ・ジョリオ＝キュリー_平易化.xlsx,r_02_イレーヌ・ジョリオ＝キュリー_平易化.xlsx
キャラ (コミュニケーション),3,r_01_キャラ (コミュニケーション)_平易化.xlsx,r_02_キャラ (コミュニケーション)_平易化.xlsx
名鉄6600系電車,5,r_01_名鉄6600系電車_平易化.xlsx,r_02_名鉄6600系電車_平易化.xlsx
一宮市立図書館,0,r_01_一宮市立図書館_平易化.xlsx,r_02_一宮市立図書館_平易化.xlsx
伊東里き,2,r_01_伊東里き_平易化.xlsx,r_02_伊東里き_平易化.xlsx
飛騨電灯,5,r_01_飛騨電灯_平易化.xlsx,r_02_飛騨電灯_平易化.xlsx
陸奥国分寺,1,r_01_陸奥国分寺_平易化.xlsx,r_02_陸奥国分寺_平易化.xlsx
大嶺炭田,5,r_01_大嶺炭田_平易化.xlsx,r_02_大嶺炭田_平易化.xlsx
4分33秒,7,r_01_4分33秒_平易化.xlsx,r_02_4分33秒_平易化.xlsx
二条藤子,2,r_01_二条藤子_平易化.xlsx,r_02_二条藤子_平易化.xlsx
ミスターシービー,7,r_01_ミスターシービー_平易化.xlsx,r_02_ミスターシービー_平易化.xlsx
一家四人死刑事件,3,r_01_一家四人死刑事件_平易化.xlsx,r_02_一家四人死刑事件_平易化.xlsx
クリーブランド (オハイオ州),2,r_01_クリーブランド (オハイオ州)_平易化.xlsx,r_02_クリーブランド (オハイオ州)_平易化.xlsx
榛名湖,2,r_01_榛名湖_平易化.xlsx,r_02_榛名湖_平易化.xlsx
北海道の神社の歴史,1,r_01_北海道の神社の歴史_平易化.xlsx,r_02_北海道の神社の歴史_平易化.xlsx
古池や蛙飛びこむ水の音,9,r_01_古池や蛙飛びこむ水の音_平易化.xlsx,r_02_古池や蛙飛びこむ水の音_平易化.xlsx
筑波山神社,1,r_01_筑波山神社_平易化.xlsx,r_02_筑波山神社_平易化.xlsx
信貴山城,2,r_01_信貴山城_平易化.xlsx,r_02_信貴山城_平易化.xlsx
ラブカ,4,r_01_ラブカ_平易化.xlsx,r_02_ラブカ_平易化.xlsx
正受庵,1,r_01_正受庵_平易化.xlsx,r_02_正受庵_平易化.xlsx
アースキン・メイ (初代ファーンバラ男爵),2,r_01_アースキン・メイ (初代ファーンバラ男爵)_平易化.xlsx,r_02_アースキン・メイ (初代ファーンバラ男爵)_平易化.xlsx
紙本墨書南番文字,7,r_01_紙本墨書南番文字_平易化.xlsx,r_02_紙本墨書南番文字_平易化.xlsx
HD 189733 b,4,r_01_HD 189733 b_平易化.xlsx,r_02_HD 189733 b_平易化.xlsx
ポジャールスキー公 (装甲巡洋艦),5,r_01_ポジャールスキー公 (装甲巡洋艦)_平易化.xlsx,r_02_ポジャールスキー公 (装甲巡洋艦)_平易化.xlsx
セイロン侵攻,2,r_01_セイロン侵攻_平易化.xlsx,r_02_セイロン侵攻_平易化.xlsx
ナリタブライアン,7,s_01_ナリタブライアン_平易化.xlsx,s_02_ナリタブライアン_平易化.xlsx
ツァボの人食いライオン,4,r_01_ツァボの人食いライオン_平易化.xlsx,r_02_ツァボの人食いライオン_平易化.xlsx
カミーユ・サン＝サーンス,7,r_01_カミーユ・サン＝サーンス_平易化.xlsx,r_02_カミーユ・サン＝サーンス_平易化.xlsx
鴨島 (島根県),2,r_01_鴨島 (島根県)_平易化.xlsx,r_02_鴨島 (島根県)_平易化.xlsx
レオナルド・ダ・ヴィンチ,2,r_01_レオナルド・ダ・ヴィンチ_平易化.xlsx,r_02_レオナルド・ダ・ヴィンチ_平易化.xlsx
ヴァイマル共和政のハイパーインフレーション,2,r_01_ヴァイマル共和政のハイパーインフレーション_平易化.xlsx,r_02_ヴァイマル共和政のハイパーインフレーション_平易化.xlsx
京王9000系電車,5,r_01_京王9000系電車_平易化.xlsx,r_02_京王9000系電車_平易化.xlsx
オーロラ,4,r_01_オーロラ_平易化.xlsx,r_02_オーロラ_平易化.xlsx
小田原電気鉄道チキ1形電車,5,r_01_小田原電気鉄道チキ1形電車_平易化.xlsx,r_02_小田原電気鉄道チキ1形電車_平易化.xlsx
司ちゃん誘拐殺人事件,3,r_01_司ちゃん誘拐殺人事件_平易化.xlsx,r_02_司ちゃん誘拐殺人事件_平易化.xlsx
ユダの手紙,1,r_01_ユダの手紙_平易化.xlsx,r_02_ユダの手紙_平易化.xlsx
イタセンパラ,4,r_01_イタセンパラ_平易化.xlsx,r_02_イタセンパラ_平易化.xlsx
チンドン屋,6,s_01_チンドン屋_平易化.xlsx,s_02_チンドン屋_平易化.xlsx
曾良旅日記,9,r_01_曾良旅日記_平易化.xlsx,r_02_曾良旅日記_平易化.xlsx
公海,3,r_01_公海_平易化.xlsx,r_02_公海_平易化.xlsx
福山藩の砂留,6,r_01_福山藩の砂留_平易化.xlsx,r_02_福山藩の砂留_平易化.xlsx
杉原千畝,2,r_01_杉原千畝_平易化.xlsx,r_02_杉原千畝_平易化.xlsx
岡上菊栄,2,r_01_岡上菊栄_平易化.xlsx,r_02_岡上菊栄_平易化.xlsx
ステンレス鋼の歴史,5,s_01_ステンレス鋼の歴史_平易化.xlsx,s_02_ステンレス鋼の歴史_平易化.xlsx
名鉄850系電車,5,r_01_名鉄850系電車_平易化.xlsx,r_02_名鉄850系電車_平易化.xlsx
境界性パーソナリティ障害,4,r_01_境界性パーソナリティ障害_平易化.xlsx,r_02_境界性パーソナリティ障害_平易化.xlsx
国分氏 (陸奥国),2,r_01_国分氏 (陸奥国)_平易化.xlsx,r_02_国分氏 (陸奥国)_平易化.xlsx
香椎宮,1,r_01_香椎宮_平易化.xlsx,r_02_香椎宮_平易化.xlsx
リミットサイクル,4,r_01_リミットサイクル_平易化.xlsx,r_02_リミットサイクル_平易化.xlsx
オゴデイ・ウルス,2,r_01_オゴデイ・ウルス_平易化.xlsx,r_02_オゴデイ・ウルス_平易化.xlsx
如意ヶ嶽,2,r_01_如意ヶ嶽_平易化.xlsx,r_02_如意ヶ嶽_平易化.xlsx
鉱業,5,r_01_鉱業_平易化.xlsx,r_02_鉱業_平易化.xlsx
ジェームズ・ワット,2,r_01_ジェームズ・ワット_平易化.xlsx,r_02_ジェームズ・ワット_平易化.xlsx
甑島列島,2,r_01_甑島列島_平易化.xlsx,r_02_甑島列島_平易化.xlsx
愛知県蟹江町母子3人殺傷事件,3,r_01_愛知県蟹江町母子3人殺傷事件_平易化.xlsx,r_02_愛知県蟹江町母子3人殺傷事件_平易化.xlsx
インドハッカ,4,r_01_インドハッカ_平易化.xlsx,r_02_インドハッカ_平易化.xlsx
八鹿高校事件,3,r_01_八鹿高校事件_平易化.xlsx,r_02_八鹿高校事件_平易化.xlsx
法隆寺金堂薬師如来像光背銘,1,r_01_法隆寺金堂薬師如来像光背銘_平易化.xlsx,r_02_法隆寺金堂薬師如来像光背銘_平易化.xlsx
かぐや姫の物語,7,r_01_かぐや姫の物語_平易化.xlsx,r_02_かぐや姫の物語_平易化.xlsx
頼品妤,2,r_01_頼品妤_平易化.xlsx,r_02_頼品妤_平易化.xlsx
新宝島 (曲),7,r_01_新宝島 (曲)_平易化.xlsx,r_02_新宝島 (曲)_平易化.xlsx
有松・鳴海絞り,5,r_01_有松・鳴海絞り_平易化.xlsx,r_02_有松・鳴海絞り_平易化.xlsx
フォッケウルフ Fw190,5,r_01_フォッケウルフ Fw190_平易化.xlsx,r_02_フォッケウルフ Fw190_平易化.xlsx
秋田城,2,r_01_秋田城_平易化.xlsx,r_02_秋田城_平易化.xlsx
空がすき!,7,r_01_空がすき!_平易化.xlsx,r_02_空がすき!_平易化.xlsx
アロハ航空243便事故,6,s_01_アロハ航空243便事故_平易化.xlsx,s_02_アロハ航空243便事故_平易化.xlsx
宇川のアユ,6,r_01_宇川のアユ_平易化.xlsx,r_02_宇川のアユ_平易化.xlsx
飛鳥寺,1,r_01_飛鳥寺_平易化.xlsx,r_02_飛鳥寺_平易化.xlsx
日本の古瓦,7,r_01_日本の古瓦_平易化.xlsx,r_02_日本の古瓦_平易化.xlsx
ルイ14世 (フランス王),2,r_01_ルイ14世 (フランス王)_平易化.xlsx,r_02_ルイ14世 (フランス王)_平易化.xlsx
アポロ計画,5,r_01_アポロ計画_平易化.xlsx,r_02_アポロ計画_平易化.xlsx
アーサー・ウェルズリー (初代ウェリントン公爵),2,r_01_アーサー・ウェルズリー (初代ウェリントン公爵)_平易化.xlsx,r_02_アーサー・ウェルズリー (初代ウェリントン公爵)_平易化.xlsx
生口島,2,r_01_生口島_平易化.xlsx,r_02_生口島_平易化.xlsx
阿児町国府,2,r_01_阿児町国府_平易化.xlsx,r_02_阿児町国府_平易化.xlsx
バリウム,4,r_01_バリウム_平易化.xlsx,r_02_バリウム_平易化.xlsx
THE DREAM CHAPTER: ETERNITY,7,r_01_THE DREAM CHAPTER_ ETERNITY_平易化.xlsx,r_02_THE DREAM CHAPTER_ ETERNITY_平易化.xlsx
無生野の大念仏,3,r_01_無生野の大念仏_平易化.xlsx,r_02_無生野の大念仏_平易化.xlsx
涼宮ハルヒの消失 (映画),7,r_01_涼宮ハルヒの消失 (映画)_平易化.xlsx,r_02_涼宮ハルヒの消失 (映画)_平易化.xlsx
今中慎二,7,r_01_今中慎二_平易化.xlsx,r_02_今中慎二_平易化.xlsx
エアバスA319,5,r_01_エアバスA319_平易化.xlsx,r_02_エアバスA319_平易化.xlsx
アフリカ文学,9,r_01_アフリカ文学_平易化.xlsx,r_02_アフリカ文学_平易化.xlsx
サハラ交易,2,r_01_サハラ交易_平易化.xlsx,r_02_サハラ交易_平易化.xlsx
ペレ,7,r_01_ペレ_平易化.xlsx,r_02_ペレ_平易化.xlsx
黒谷和紙,5,r_01_黒谷和紙_平易化.xlsx,r_02_黒谷和紙_平易化.xlsx
両生類の減少,4,r_01_両生類の減少_平易化.xlsx,r_02_両生類の減少_平易化.xlsx
富山県立図書館,0,r_01_富山県立図書館_平易化.xlsx,r_02_富山県立図書館_平易化.xlsx
のりたま,5,r_01_のりたま_平易化.xlsx,r_02_のりたま_平易化.xlsx
エルコンドルパサー,7,r_01_エルコンドルパサー_平易化.xlsx,r_02_エルコンドルパサー_平易化.xlsx
松尾大社,1,r_01_松尾大社_平易化.xlsx,r_02_松尾大社_平易化.xlsx
エウロパ (衛星),4,r_01_エウロパ (衛星)_平易化.xlsx,r_02_エウロパ (衛星)_平易化.xlsx
コンスタンティノープル包囲戦 (717年-718年),2,r_01_コンスタンティノープル包囲戦 (717年-718年)_平易化.xlsx,r_02_コンスタンティノープル包囲戦 (717年-718年)_平易化.xlsx
かんなみ仏の里美術館,7,r_01_かんなみ仏の里美術館_平易化.xlsx,r_02_かんなみ仏の里美術館_平易化.xlsx
坂本龍馬,2,r_01_坂本龍馬_平易化.xlsx,r_02_坂本龍馬_平易化.xlsx
松阪電気,5,r_01_松阪電気_平易化.xlsx,r_02_松阪電気_平易化.xlsx
トキノミノル,7,r_01_トキノミノル_平易化.xlsx,r_02_トキノミノル_平易化.xlsx
魔女見習いをさがして,7,r_01_魔女見習いをさがして_平易化.xlsx,r_02_魔女見習いをさがして_平易化.xlsx
賦,9,r_01_賦_平易化.xlsx,r_02_賦_平易化.xlsx
ヨロイザメ,4,r_01_ヨロイザメ_平易化.xlsx,r_02_ヨロイザメ_平易化.xlsx
スウェーデン系フィンランド人,3,r_01_スウェーデン系フィンランド人_平易化.xlsx,r_02_スウェーデン系フィンランド人_平易化.xlsx
小島事件,3,r_01_小島事件_平易化.xlsx,r_02_小島事件_平易化.xlsx
広島大仏,7,r_01_広島大仏_平易化.xlsx,r_02_広島大仏_平易化.xlsx
コソボ紛争,2,r_01_コソボ紛争_平易化.xlsx,r_02_コソボ紛争_平易化.xlsx
ピンクスライム,6,r_01_ピンクスライム_平易化.xlsx,r_02_ピンクスライム_平易化.xlsx
閏秒,4,r_01_閏秒_平易化.xlsx,r_02_閏秒_平易化.xlsx
屋上の狂人,9,r_01_屋上の狂人_平易化.xlsx,r_02_屋上の狂人_平易化.xlsx
ヴィクトリア (イギリス女王),2,r_01_ヴィクトリア (イギリス女王)_平易化.xlsx,r_02_ヴィクトリア (イギリス女王)_平易化.xlsx
ペイル・ブルー・ドット,4,r_01_ペイル・ブルー・ドット_平易化.xlsx,r_02_ペイル・ブルー・ドット_平易化.xlsx
渋谷黎子,2,r_01_渋谷黎子_平易化.xlsx,r_02_渋谷黎子_平易化.xlsx
クマのプーさん,9,r_01_クマのプーさん_平易化.xlsx,r_02_クマのプーさん_平易化.xlsx
歴史地震,4,r_01_歴史地震_平易化.xlsx,r_02_歴史地震_平易化.xlsx
我等の生涯の最良の年,7,r_01_我等の生涯の最良の年_平易化.xlsx,r_02_我等の生涯の最良の年_平易化.xlsx
デルフト眺望,7,r_01_デルフト眺望_平易化.xlsx,r_02_デルフト眺望_平易化.xlsx
マルセル・プルースト,9,r_01_マルセル・プルースト_平易化.xlsx,r_02_マルセル・プルースト_平易化.xlsx
ナスル朝,2,r_01_ナスル朝_平易化.xlsx,r_02_ナスル朝_平易化.xlsx
エドヴァルド・ムンク,7,r_01_エドヴァルド・ムンク_平易化.xlsx,r_02_エドヴァルド・ムンク_平易化.xlsx
水谷新六,2,r_01_水谷新六_平易化.xlsx,r_02_水谷新六_平易化.xlsx
紅藻,4,r_01_紅藻_平易化.xlsx,r_02_紅藻_平易化.xlsx
イタリア統一運動,2,r_01_イタリア統一運動_平易化.xlsx,r_02_イタリア統一運動_平易化.xlsx
リーゼ・マイトナー,2,r_01_リーゼ・マイトナー_平易化.xlsx,r_02_リーゼ・マイトナー_平易化.xlsx
アウター・ヘブリディーズ,2,r_01_アウター・ヘブリディーズ_平易化.xlsx,r_02_アウター・ヘブリディーズ_平易化.xlsx
多摩湖鉄道の鉄道車両,5,r_01_多摩湖鉄道の鉄道車両_平易化.xlsx,r_02_多摩湖鉄道の鉄道車両_平易化.xlsx
立憲民主党 (ロシア),2,s_01_立憲民主党 (ロシア)_平易化.xlsx,s_02_立憲民主党 (ロシア).xlsx
ヴィルヘルム2世 (ドイツ皇帝),2,r_01_ヴィルヘルム2世 (ドイツ皇帝)_平易化.xlsx,r_02_ヴィルヘルム2世 (ドイツ皇帝)_平易化.xlsx
映画 聲の形,7,r_01_映画 聲の形_平易化.xlsx,r_02_映画 聲の形_平易化.xlsx
フン族の起源,3,r_01_フン族の起源_平易化.xlsx,r_02_フン族の起源_平易化.xlsx
松輸送,2,r_01_松輸送_平易化.xlsx,r_02_松輸送_平易化.xlsx
黒石,1,r_01_黒石_平易化.xlsx,r_02_黒石_平易化.xlsx
炎上 (映画),7,r_01_炎上 (映画)_平易化.xlsx,r_02_炎上 (映画)_平易化.xlsx
ヒヴァ・ハン国,2,r_01_ヒヴァ・ハン国_平易化.xlsx,r_02_ヒヴァ・ハン国_平易化.xlsx
ロンドン,2,r_01_ロンドン_平易化.xlsx,r_02_ロンドン_平易化.xlsx
マンスール,2,r_01_マンスール_平易化.xlsx,r_02_マンスール_平易化.xlsx
富岡製糸場,6,r_01_富岡製糸場_平易化.xlsx,r_02_富岡製糸場_平易化.xlsx
アウルク,2,r_01_アウルク_平易化.xlsx,r_02_アウルク_平易化.xlsx
竹永事件,3,r_01_竹永事件_平易化.xlsx,r_02_竹永事件_平易化.xlsx
川崎市の歴史,2,r_01_川崎市の歴史_平易化.xlsx,r_02_川崎市の歴史_平易化.xlsx
投下 (モンゴル帝国),2,r_01_投下 (モンゴル帝国)_平易化.xlsx,r_02_投下 (モンゴル帝国)_平易化.xlsx
突撃隊,2,r_01_突撃隊_平易化.xlsx,r_02_突撃隊_平易化.xlsx
酵素,4,s_01_酵素_平易化.xlsx,s_02_酵素.xlsx
ポーランド,2,r_01_ポーランド_平易化.xlsx,r_02_ポーランド_平易化.xlsx
ニューアーク方式,0,r_01_ニューアーク方式_平易化.xlsx,r_02_ニューアーク方式_平易化.xlsx
彗星,4,s_01_彗星_平易化.xlsx,s_02_彗星.xlsx
知多鉄道デハ910形電車,5,r_01_知多鉄道デハ910形電車_平易化.xlsx,r_02_知多鉄道デハ910形電車_平易化.xlsx
中華人民共和国の経済,3,r_01_中華人民共和国の経済_平易化.xlsx,r_02_中華人民共和国の経済_平易化.xlsx
はつゆきさくら,7,r_01_はつゆきさくら_平易化.xlsx,r_02_はつゆきさくら_平易化.xlsx
北大東島のリン鉱山,5,r_01_北大東島のリン鉱山_平易化.xlsx,r_02_北大東島のリン鉱山_平易化.xlsx
登録無形民俗文化財,7,r_01_登録無形民俗文化財_平易化.xlsx,r_02_登録無形民俗文化財_平易化.xlsx
荒川橋梁 (東北本線),5,r_01_荒川橋梁 (東北本線)_平易化.xlsx,r_02_荒川橋梁 (東北本線)_平易化.xlsx
エアバス ベルーガ,5,r_01_エアバス ベルーガ_平易化.xlsx,r_02_エアバス ベルーガ_平易化.xlsx
アラブ・ハザール戦争,2,r_01_アラブ・ハザール戦争_平易化.xlsx,r_02_アラブ・ハザール戦争_平易化.xlsx
ニヴフ,3,r_01_ニヴフ_平易化.xlsx,r_02_ニヴフ_平易化.xlsx
尾形藤吉,7,r_01_尾形藤吉_平易化.xlsx,r_02_尾形藤吉_平易化.xlsx
トクサ類,4,r_01_トクサ類_平易化.xlsx,r_02_トクサ類_平易化.xlsx
板橋競馬場,7,r_01_板橋競馬場_平易化.xlsx,r_02_板橋競馬場_平易化.xlsx
カール・ボッシュ,2,r_01_カール・ボッシュ_平易化.xlsx,r_02_カール・ボッシュ_平易化.xlsx
三国志演義の成立史,9,r_01_三国志演義の成立史_平易化.xlsx,r_02_三国志演義の成立史_平易化.xlsx
サンデーサイレンス,7,s_01_サンデーサイレンス_平易化.xlsx,s_02_サンデーサイレンス_平易化.xlsx
リッチマン、プアウーマン,7,r_01_リッチマン、プアウーマン_平易化.xlsx,r_02_リッチマン、プアウーマン_平易化.xlsx
箱根登山鉄道,6,r_01_箱根登山鉄道_平易化.xlsx,r_02_箱根登山鉄道_平易化.xlsx
クロアチアの歴史,2,r_01_クロアチアの歴史_平易化.xlsx,r_02_クロアチアの歴史_平易化.xlsx
矢ガモ,2,r_01_矢ガモ_平易化.xlsx,r_02_矢ガモ_平易化.xlsx
ダイアナ (プリンセス・オブ・ウェールズ),2,r_01_ダイアナ (プリンセス・オブ・ウェールズ)_平易化.xlsx,r_02_ダイアナ (プリンセス・オブ・ウェールズ)_平易化.xlsx
鹿島町藺牟田,2,r_01_鹿島町藺牟田_平易化.xlsx,r_02_鹿島町藺牟田_平易化.xlsx
藤沢市女子高生殺害事件,3,r_01_藤沢市女子高生殺害事件_平易化.xlsx,r_02_藤沢市女子高生殺害事件_平易化.xlsx
アナスタシア・ニコラエヴナ,2,r_01_アナスタシア・ニコラエヴナ_平易化.xlsx,r_02_アナスタシア・ニコラエヴナ_平易化.xlsx
マルワーン1世,2,r_01_マルワーン1世_平易化.xlsx,r_02_マルワーン1世_平易化.xlsx
ジョゼフ・プリーストリー,2,r_01_ジョゼフ・プリーストリー_平易化.xlsx,r_02_ジョゼフ・プリーストリー_平易化.xlsx
静岡県立中央図書館,0,r_01_静岡県立中央図書館_平易化.xlsx,r_02_静岡県立中央図書館_平易化.xlsx
株仲間解散令,2,r_01_株仲間解散令_平易化.xlsx,r_02_株仲間解散令_平易化.xlsx
単振動,4,r_01_単振動_平易化.xlsx,r_02_単振動_平易化.xlsx
東海道五十三次 (浮世絵),7,r_01_東海道五十三次 (浮世絵)_平易化.xlsx,r_02_東海道五十三次 (浮世絵)_平易化.xlsx
ベンジャミン・ディズレーリ,2,s_01_ベンジャミン・ディズレーリ_平易化.xlsx,s_02_ベンジャミン・ディズレーリ_平易化.xlsx
シグネ・ハンマシュティエン＝ヤンソン,7,r_01_シグネ・ハンマシュティエン＝ヤンソン_平易化.xlsx,r_02_シグネ・ハンマシュティエン＝ヤンソン_平易化.xlsx
730 (交通),6,r_01_730 (交通)_平易化.xlsx,r_02_730 (交通)_平易化.xlsx
大明西町,2,r_01_大明西町_平易化.xlsx,r_02_大明西町_平易化.xlsx
津市図書館,0,r_01_津市図書館_平易化.xlsx,r_02_津市図書館_平易化.xlsx
アメリカ合衆国の鉄道史,6,r_01_アメリカ合衆国の鉄道史_平易化.xlsx,r_02_アメリカ合衆国の鉄道史_平易化.xlsx
オーストラリアの動物相,4,r_01_オーストラリアの動物相_平易化.xlsx,r_02_オーストラリアの動物相_平易化.xlsx
としまえんの水上設置遊具による溺水事故,2,s_01_としまえんの水上設置遊具による溺水事故_平易化.xlsx,s_02_としまえんの水上設置遊具による溺水事故_平易化.xlsx
イットリウム,4,r_01_イットリウム_平易化.xlsx,r_02_イットリウム_平易化.xlsx
東京都港湾局専用線,6,r_01_東京都港湾局専用線_平易化.xlsx,r_02_東京都港湾局専用線_平易化.xlsx
菅浦の湖岸集落,2,r_01_菅浦の湖岸集落_平易化.xlsx,r_02_菅浦の湖岸集落_平易化.xlsx
コスタリカの歴史,2,r_01_コスタリカの歴史_平易化.xlsx,r_02_コスタリカの歴史_平易化.xlsx
オリエント・エクスプレス '88,6,r_01_オリエント・エクスプレス _88_平易化.xlsx,r_02_オリエント・エクスプレス _88_平易化.xlsx
山椒魚 (小説),9,r_01_山椒魚 (小説)_平易化.xlsx,r_02_山椒魚 (小説)_平易化.xlsx
CIE図書館,0,r_01_CIE図書館_平易化.xlsx,r_02_CIE図書館_平易化.xlsx
ポーランドの世界遺産,7,r_01_ポーランドの世界遺産_平易化.xlsx,r_02_ポーランドの世界遺産_平易化.xlsx
アッバース朝の小アジア侵攻 (806年),2,r_01_アッバース朝の小アジア侵攻 (806年)_平易化.xlsx,r_02_アッバース朝の小アジア侵攻 (806年)_平易化.xlsx
西条酒,5,r_01_西条酒_平易化.xlsx,r_02_西条酒_平易化.xlsx
共楽館,2,r_01_共楽館_平易化.xlsx,r_02_共楽館_平易化.xlsx
旧横須賀鎮守府庁舎,2,r_01_旧横須賀鎮守府庁舎_平易化.xlsx,r_02_旧横須賀鎮守府庁舎_平易化.xlsx
コンソ,2,r_01_コンソ_平易化.xlsx,r_02_コンソ_平易化.xlsx
郭源治,7,r_01_郭源治_平易化.xlsx,r_02_郭源治_平易化.xlsx
クラウス・フォン・シュタウフェンベルク,2,r_01_クラウス・フォン・シュタウフェンベルク_平易化.xlsx,r_02_クラウス・フォン・シュタウフェンベルク_平易化.xlsx
東京電力 (1925-1928),5,r_01_東京電力 (1925-1928)_平易化.xlsx,r_02_東京電力 (1925-1928)_平易化.xlsx
リンパ系,4,r_01_リンパ系_平易化.xlsx,r_02_リンパ系_平易化.xlsx
富山飛行場,6,r_01_富山飛行場_平易化.xlsx,r_02_富山飛行場_平易化.xlsx
去来抄,9,r_01_去来抄_平易化.xlsx,r_02_去来抄_平易化.xlsx
田原市図書館,0,r_01_田原市図書館_平易化.xlsx,r_02_田原市図書館_平易化.xlsx
タマーラ・カルサヴィナ,7,r_01_タマーラ・カルサヴィナ_平易化.xlsx,r_02_タマーラ・カルサヴィナ_平易化.xlsx
国富論,3,r_01_国富論_平易化.xlsx,r_02_国富論_平易化.xlsx
つねよし百貨店,6,r_01_つねよし百貨店_平易化.xlsx,r_02_つねよし百貨店_平易化.xlsx
どん底 (飲食店),6,r_01_どん底 (飲食店)_平易化.xlsx,r_02_どん底 (飲食店)_平易化.xlsx
佐原の町並み,5,r_01_佐原の町並み_平易化.xlsx,r_02_佐原の町並み_平易化.xlsx
因州和紙,5,r_01_因州和紙_平易化.xlsx,r_02_因州和紙_平易化.xlsx
レジサイド (チャールズ1世),2,r_01_レジサイド (チャールズ1世)_平易化.xlsx,r_02_レジサイド (チャールズ1世)_平易化.xlsx
アーサー・コナン・ドイル,9,r_01_アーサー・コナン・ドイル_平易化.xlsx,r_02_アーサー・コナン・ドイル_平易化.xlsx
浜島町迫子,2,r_01_浜島町迫子_平易化.xlsx,r_02_浜島町迫子_平易化.xlsx
ルバーブ,4,r_01_ルバーブ_平易化.xlsx,r_02_ルバーブ_平易化.xlsx
タチアナ (虎),4,r_01_タチアナ (虎)_平易化.xlsx,r_02_タチアナ (虎)_平易化.xlsx
ドナルド・キーン,9,r_01_ドナルド・キーン_平易化.xlsx,r_02_ドナルド・キーン_平易化.xlsx
古細菌,4,r_01_古細菌_平易化.xlsx,r_02_古細菌_平易化.xlsx
クウェート共和国,2,r_01_クウェート共和国_平易化.xlsx,r_02_クウェート共和国_平易化.xlsx
鼓膜器官,4,r_01_鼓膜器官_平易化.xlsx,r_02_鼓膜器官_平易化.xlsx
エリザベス1世,2,r_01_エリザベス1世_平易化.xlsx,r_02_エリザベス1世_平易化.xlsx
神聖ローマ帝国,2,r_01_神聖ローマ帝国_平易化.xlsx,r_02_神聖ローマ帝国_平易化.xlsx
尾道,2,r_01_尾道_平易化.xlsx,r_02_尾道_平易化.xlsx
藍藻,4,r_01_藍藻_平易化.xlsx,r_02_藍藻_平易化.xlsx
オーヴァーロード作戦,2,r_01_オーヴァーロード作戦_平易化.xlsx,r_02_オーヴァーロード作戦_平易化.xlsx
レオ・シラード,2,r_01_レオ・シラード_平易化.xlsx,r_02_レオ・シラード_平易化.xlsx
澄江の化石産地,4,r_01_澄江の化石産地_平易化.xlsx,r_02_澄江の化石産地_平易化.xlsx
トゲウオ科,4,r_01_トゲウオ科_平易化.xlsx,r_02_トゲウオ科_平易化.xlsx
福澤桃介,2,r_01_福澤桃介_平易化.xlsx,r_02_福澤桃介_平易化.xlsx
ル・コルビュジエの建築作品-近代建築運動への顕著な貢献-,7,r_01_ル・コルビュジエの建築作品-近代建築運動への顕著な貢献-_平易化.xlsx,r_02_ル・コルビュジエの建築作品-近代建築運動への顕著な貢献-_平易化.xlsx
ブィリーナ,9,r_01_ブィリーナ_平易化.xlsx,r_02_ブィリーナ_平易化.xlsx
浜詰,2,r_01_浜詰_平易化.xlsx,r_02_浜詰_平易化.xlsx
コリン・レンフルー,2,r_01_コリン・レンフルー_平易化.xlsx,r_02_コリン・レンフルー_平易化.xlsx
鳥取しゃんしゃん祭,3,r_01_鳥取しゃんしゃん祭_平易化.xlsx,r_02_鳥取しゃんしゃん祭_平易化.xlsx
フォード島,2,r_01_フォード島_平易化.xlsx,r_02_フォード島_平易化.xlsx
大北方戦争,2,r_01_大北方戦争_平易化.xlsx,r_02_大北方戦争_平易化.xlsx
スウィーニー・トッド フリート街の悪魔の理髪師,7,r_01_スウィーニー・トッド フリート街の悪魔の理髪師_平易化.xlsx,r_02_スウィーニー・トッド フリート街の悪魔の理髪師_平易化.xlsx
翔鳳丸,5,r_01_翔鳳丸_平易化.xlsx,r_02_翔鳳丸_平易化.xlsx
きらめき☆プロジェクト,7,r_01_きらめき☆プロジェクト_平易化.xlsx,r_02_きらめき☆プロジェクト_平易化.xlsx
アラ・カチュー,3,r_01_アラ・カチュー_平易化.xlsx,r_02_アラ・カチュー_平易化.xlsx
渋谷スクランブル交差点,2,r_01_渋谷スクランブル交差点_平易化.xlsx,r_02_渋谷スクランブル交差点_平易化.xlsx
樺太の戦い (1945年),2,r_01_樺太の戦い (1945年)_平易化.xlsx,r_02_樺太の戦い (1945年)_平易化.xlsx
銅,4,r_01_銅_平易化.xlsx,r_02_銅_平易化.xlsx
鏡のヴィーナス,7,r_01_鏡のヴィーナス_平易化.xlsx,r_02_鏡のヴィーナス_平易化.xlsx
江戸城跡のヒカリゴケ生育地,4,r_01_江戸城跡のヒカリゴケ生育地_平易化.xlsx,r_02_江戸城跡のヒカリゴケ生育地_平易化.xlsx
グリーンハウス (藤沢市),5,r_01_グリーンハウス (藤沢市)_平易化.xlsx,r_02_グリーンハウス (藤沢市)_平易化.xlsx
UDデジタル教科書体,0,r_01_UDデジタル教科書体_平易化.xlsx,r_02_UDデジタル教科書体_平易化.xlsx
マルコ・ポーロ,2,r_01_マルコ・ポーロ_平易化.xlsx,r_02_マルコ・ポーロ_平易化.xlsx
小林一茶,9,r_01_小林一茶_平易化.xlsx,r_02_小林一茶_平易化.xlsx
山梨交通,6,r_01_山梨交通_平易化.xlsx,r_02_山梨交通_平易化.xlsx
ニオブ,4,r_01_ニオブ_平易化.xlsx,r_02_ニオブ_平易化.xlsx
第1回印象派展,7,r_01_第1回印象派展_平易化.xlsx,r_02_第1回印象派展_平易化.xlsx
プトレマイオス朝,2,r_01_プトレマイオス朝_平易化.xlsx,r_02_プトレマイオス朝_平易化.xlsx
ヤマザキ春のパンまつり,6,r_01_ヤマザキ春のパンまつり_平易化.xlsx,r_02_ヤマザキ春のパンまつり_平易化.xlsx
中小坂鉄山,5,r_01_中小坂鉄山_平易化.xlsx,r_02_中小坂鉄山_平易化.xlsx
白鳥の湖,7,r_01_白鳥の湖_平易化.xlsx,r_02_白鳥の湖_平易化.xlsx
日本ハリストス正教会,1,r_01_日本ハリストス正教会_平易化.xlsx,r_02_日本ハリストス正教会_平易化.xlsx
伊藤初代,2,r_01_伊藤初代_平易化.xlsx,r_02_伊藤初代_平易化.xlsx
史通,0,r_01_史通_平易化.xlsx,r_02_史通_平易化.xlsx
日吉町吉利,2,r_01_日吉町吉利_平易化.xlsx,r_02_日吉町吉利_平易化.xlsx
十六島ホタルエビ発生地,4,r_01_十六島ホタルエビ発生地_平易化.xlsx,r_02_十六島ホタルエビ発生地_平易化.xlsx
貴族院 (イギリス),3,r_01_貴族院 (イギリス)_平易化.xlsx,r_02_貴族院 (イギリス)_平易化.xlsx
中島敦,9,r_01_中島敦_平易化.xlsx,r_02_中島敦_平易化.xlsx
ユニバーサル・シティ・スタジオ対任天堂裁判,3,r_01_ユニバーサル・シティ・スタジオ対任天堂裁判_平易化.xlsx,r_02_ユニバーサル・シティ・スタジオ対任天堂裁判_平易化.xlsx
アルブエラの戦い,2,r_01_アルブエラの戦い_平易化.xlsx,r_02_アルブエラの戦い_平易化.xlsx
タハリール広場,2,r_01_タハリール広場_平易化.xlsx,r_02_タハリール広場_平易化.xlsx
神戸居留地競馬,7,r_01_神戸居留地競馬_平易化.xlsx,r_02_神戸居留地競馬_平易化.xlsx
神話,1,r_01_神話_平易化.xlsx,r_02_神話_平易化.xlsx
フレデリック・ディーリアス,7,r_01_フレデリック・ディーリアス_平易化.xlsx,r_02_フレデリック・ディーリアス_平易化.xlsx
ダブルキャスト (ゲーム),7,r_01_ダブルキャスト (ゲーム)_平易化.xlsx,r_02_ダブルキャスト (ゲーム)_平易化.xlsx
アメリカン航空587便墜落事故,5,r_01_アメリカン航空587便墜落事故_平易化.xlsx,r_02_アメリカン航空587便墜落事故_平易化.xlsx
アウステルリッツの戦い,2,r_01_アウステルリッツの戦い_平易化.xlsx,r_02_アウステルリッツの戦い_平易化.xlsx
ヒトカラ,6,r_01_ヒトカラ_平易化.xlsx,r_02_ヒトカラ_平易化.xlsx
平和大通り,2,r_01_平和大通り_平易化.xlsx,r_02_平和大通り_平易化.xlsx
エアバスA300,5,s_01_エアバスA300_平易化.xlsx,s_02_エアバスA300_平易化.xlsx
ツタンカーメン,2,r_01_ツタンカーメン_平易化.xlsx,r_02_ツタンカーメン_平易化.xlsx
比羅夫丸,5,r_01_比羅夫丸_平易化.xlsx,r_02_比羅夫丸_平易化.xlsx
ヘンリー・ジョン・テンプル (第3代パーマストン子爵),2,r_01_ヘンリー・ジョン・テンプル (第3代パーマストン子爵)_平易化.xlsx,r_02_ヘンリー・ジョン・テンプル (第3代パーマストン子爵)_平易化.xlsx
ウィリアム・キャヴェンディッシュ＝ベンティンク (第3代ポートランド公爵),2,r_01_ウィリアム・キャヴェンディッシュ＝ベンティンク (第3代ポートランド公爵)_平易化.xlsx,r_02_ウィリアム・キャヴェンディッシュ＝ベンティンク (第3代ポートランド公爵)_平易化.xlsx
赤羽台トンネル,5,r_01_赤羽台トンネル_平易化.xlsx,r_02_赤羽台トンネル_平易化.xlsx
ウイスキー戦争,2,r_01_ウイスキー戦争_平易化.xlsx,r_02_ウイスキー戦争_平易化.xlsx
ハンブルクの倉庫街とチリハウスを含む商館街,2,r_01_ハンブルクの倉庫街とチリハウスを含む商館街_平易化.xlsx,r_02_ハンブルクの倉庫街とチリハウスを含む商館街_平易化.xlsx
オトマール・スウィトナー,7,r_01_オトマール・スウィトナー_平易化.xlsx,r_02_オトマール・スウィトナー_平易化.xlsx
日本の深夜バス,6,r_01_日本の深夜バス_平易化.xlsx,r_02_日本の深夜バス_平易化.xlsx
トウシューズ,7,r_01_トウシューズ_平易化.xlsx,r_02_トウシューズ_平易化.xlsx
垂揺球儀,4,r_01_垂揺球儀_平易化.xlsx,r_02_垂揺球儀_平易化.xlsx
ハワイ併合,2,r_01_ハワイ併合_平易化.xlsx,r_02_ハワイ併合_平易化.xlsx
コウイカ,4,r_01_コウイカ_平易化.xlsx,r_02_コウイカ_平易化.xlsx
東急7000系電車 (初代),5,r_01_東急7000系電車 (初代)_平易化.xlsx,r_02_東急7000系電車 (初代)_平易化.xlsx
乗り心地,5,r_01_乗り心地_平易化.xlsx,r_02_乗り心地_平易化.xlsx
振武寮,2,r_01_振武寮_平易化.xlsx,r_02_振武寮_平易化.xlsx
荒川橋,5,r_01_荒川橋_平易化.xlsx,r_02_荒川橋_平易化.xlsx
ヒジュラ,1,r_01_ヒジュラ_平易化.xlsx,r_02_ヒジュラ_平易化.xlsx
碧海電気鉄道,6,r_01_碧海電気鉄道_平易化.xlsx,r_02_碧海電気鉄道_平易化.xlsx
ローマによるブリタンニア侵攻 (紀元前55年-紀元前54年),2,r_01_ローマによるブリタンニア侵攻 (紀元前55年-紀元前54年)_平易化.xlsx,r_02_ローマによるブリタンニア侵攻 (紀元前55年-紀元前54年)_平易化.xlsx
マー・ワラー・アンナフル,2,r_01_マー・ワラー・アンナフル_平易化.xlsx,r_02_マー・ワラー・アンナフル_平易化.xlsx
ルーヴル美術館,7,r_01_ルーヴル美術館_平易化.xlsx,r_02_ルーヴル美術館_平易化.xlsx
京子,4,r_01_京子_平易化.xlsx,r_02_京子_平易化.xlsx
榎本武揚,2,r_01_榎本武揚_平易化.xlsx,r_02_榎本武揚_平易化.xlsx
南華文芸・北新書局事件,2,r_01_南華文芸・北新書局事件_平易化.xlsx,r_02_南華文芸・北新書局事件_平易化.xlsx
はるひ野駅,6,r_01_はるひ野駅_平易化.xlsx,r_02_はるひ野駅_平易化.xlsx
アヴァ王朝,2,r_01_アヴァ王朝_平易化.xlsx,r_02_アヴァ王朝_平易化.xlsx
ネフェルティティの胸像,7,r_01_ネフェルティティの胸像_平易化.xlsx,r_02_ネフェルティティの胸像_平易化.xlsx
第一白川橋梁,5,r_01_第一白川橋梁_平易化.xlsx,r_02_第一白川橋梁_平易化.xlsx
佐久島,2,r_01_佐久島_平易化.xlsx,r_02_佐久島_平易化.xlsx
後醍醐天皇宸翰天長印信（蠟牋）,7,r_01_後醍醐天皇宸翰天長印信（蠟牋）_平易化.xlsx,r_02_後醍醐天皇宸翰天長印信（蠟牋）_平易化.xlsx
ファーティマ朝のエジプト侵攻 (914年-915年),2,r_01_ファーティマ朝のエジプト侵攻 (914年-915年)_平易化.xlsx,r_02_ファーティマ朝のエジプト侵攻 (914年-915年)_平易化.xlsx
エッジワース・カイパーベルト,4,r_01_エッジワース・カイパーベルト_平易化.xlsx,r_02_エッジワース・カイパーベルト_平易化.xlsx
エアバスA310,5,r_01_エアバスA310_平易化.xlsx,r_02_エアバスA310_平易化.xlsx
ローリー (ノースカロライナ州),2,r_01_ローリー (ノースカロライナ州)_平易化.xlsx,r_02_ローリー (ノースカロライナ州)_平易化.xlsx
大西瀧治郎,2,r_01_大西瀧治郎_平易化.xlsx,r_02_大西瀧治郎_平易化.xlsx
蔵書印,0,r_01_蔵書印_平易化.xlsx,r_02_蔵書印_平易化.xlsx
司馬遷,2,r_01_司馬遷_平易化.xlsx,r_02_司馬遷_平易化.xlsx
水尻池,2,r_01_水尻池_平易化.xlsx,r_02_水尻池_平易化.xlsx
抗酸化物質,4,s_01_抗酸化物質_平易化.xlsx,s_02_抗酸化物質.xlsx
中島飛行機半田製作所,2,r_01_中島飛行機半田製作所_平易化.xlsx,r_02_中島飛行機半田製作所_平易化.xlsx
エストニアの言語,8,r_01_エストニアの言語_平易化.xlsx,r_02_エストニアの言語_平易化.xlsx
ヘンリー・キャヴェンディッシュ,2,r_01_ヘンリー・キャヴェンディッシュ_平易化.xlsx,r_02_ヘンリー・キャヴェンディッシュ_平易化.xlsx
富山県営渡船,6,r_01_富山県営渡船_平易化.xlsx,r_02_富山県営渡船_平易化.xlsx
滝野川ゴボウ,6,r_01_滝野川ゴボウ_平易化.xlsx,r_02_滝野川ゴボウ_平易化.xlsx
ベルカ、吠えないのか?,9,r_01_ベルカ、吠えないのか__平易化.xlsx,r_02_ベルカ、吠えないのか__平易化.xlsx
伊那市立図書館,0,r_01_伊那市立図書館_平易化.xlsx,r_02_伊那市立図書館_平易化.xlsx
スラヴ民族の北東ルーシへの移動,2,r_01_スラヴ民族の北東ルーシへの移動_平易化.xlsx,r_02_スラヴ民族の北東ルーシへの移動_平易化.xlsx
矢数道明,2,r_01_矢数道明_平易化.xlsx,r_02_矢数道明_平易化.xlsx
ルーマニアのユダヤ人の歴史,3,r_01_ルーマニアのユダヤ人の歴史_平易化.xlsx,r_02_ルーマニアのユダヤ人の歴史_平易化.xlsx
幸手宿,2,r_01_幸手宿_平易化.xlsx,r_02_幸手宿_平易化.xlsx
アカウキクサ属,4,r_01_アカウキクサ属_平易化.xlsx,r_02_アカウキクサ属_平易化.xlsx
伊勢電気鉄道ハ451形電車,5,r_01_伊勢電気鉄道ハ451形電車_平易化.xlsx,r_02_伊勢電気鉄道ハ451形電車_平易化.xlsx
お化け暦,4,r_01_お化け暦_平易化.xlsx,r_02_お化け暦_平易化.xlsx
鳥羽磯部漁業協同組合,6,r_01_鳥羽磯部漁業協同組合_平易化.xlsx,r_02_鳥羽磯部漁業協同組合_平易化.xlsx
ミシェル・プラティニ,7,r_01_ミシェル・プラティニ_平易化.xlsx,r_02_ミシェル・プラティニ_平易化.xlsx
ケンタッキーフライドチキンの歴史,6,r_01_ケンタッキーフライドチキンの歴史_平易化.xlsx,r_02_ケンタッキーフライドチキンの歴史_平易化.xlsx
ジャバウォック,9,r_01_ジャバウォック_平易化.xlsx,r_02_ジャバウォック_平易化.xlsx
名古屋鉄道デセホ700形電車,5,r_01_名古屋鉄道デセホ700形電車_平易化.xlsx,r_02_名古屋鉄道デセホ700形電車_平易化.xlsx
ロンゴロンゴ,8,r_01_ロンゴロンゴ_平易化.xlsx,r_02_ロンゴロンゴ_平易化.xlsx
神奈川中央交通,6,r_01_神奈川中央交通_平易化.xlsx,r_02_神奈川中央交通_平易化.xlsx
株仲間再興令,2,r_01_株仲間再興令_平易化.xlsx,r_02_株仲間再興令_平易化.xlsx
ビワハヤヒデ,7,r_01_ビワハヤヒデ_平易化.xlsx,r_02_ビワハヤヒデ_平易化.xlsx
キューバの雪解け,2,r_01_キューバの雪解け_平易化.xlsx,r_02_キューバの雪解け_平易化.xlsx
秒,4,r_01_秒_平易化.xlsx,r_02_秒_平易化.xlsx
浜松市立中央図書館,0,r_01_浜松市立中央図書館_平易化.xlsx,r_02_浜松市立中央図書館_平易化.xlsx
佐野文子,2,r_01_佐野文子_平易化.xlsx,r_02_佐野文子_平易化.xlsx
岩手・宮城内陸地震,4,r_01_岩手・宮城内陸地震_平易化.xlsx,r_02_岩手・宮城内陸地震_平易化.xlsx
九十九王子 (田辺市中辺路町),1,r_01_九十九王子 (田辺市中辺路町)_平易化.xlsx,r_02_九十九王子 (田辺市中辺路町)_平易化.xlsx
クロード・モネ,7,r_01_クロード・モネ_平易化.xlsx,r_02_クロード・モネ_平易化.xlsx
琉球の朝貢と冊封の歴史,2,r_01_琉球の朝貢と冊封の歴史_平易化.xlsx,r_02_琉球の朝貢と冊封の歴史_平易化.xlsx
長野電灯,5,r_01_長野電灯_平易化.xlsx,r_02_長野電灯_平易化.xlsx
奥澤神社,1,r_01_奥澤神社_平易化.xlsx,r_02_奥澤神社_平易化.xlsx
三嶋大社,1,r_01_三嶋大社_平易化.xlsx,r_02_三嶋大社_平易化.xlsx
蜂蜜,5,s_01_蜂蜜_平易化.xlsx,s_02_蜂蜜.xlsx
豊田市中央図書館,0,r_01_豊田市中央図書館_平易化.xlsx,r_02_豊田市中央図書館_平易化.xlsx
エアバスA330,5,r_01_エアバスA330_平易化.xlsx,r_02_エアバスA330_平易化.xlsx
主系列星,4,r_01_主系列星_平易化.xlsx,r_02_主系列星_平易化.xlsx
中国攻め,2,r_01_中国攻め_平易化.xlsx,r_02_中国攻め_平易化.xlsx
第一次シュレージエン戦争,2,r_01_第一次シュレージエン戦争_平易化.xlsx,r_02_第一次シュレージエン戦争_平易化.xlsx
中国伊斯蘭教協会,1,r_01_中国伊斯蘭教協会_平易化.xlsx,r_02_中国伊斯蘭教協会_平易化.xlsx
シェイクスピア別人説,9,r_01_シェイクスピア別人説_平易化.xlsx,r_02_シェイクスピア別人説_平易化.xlsx
津田応助,2,r_01_津田応助_平易化.xlsx,r_02_津田応助_平易化.xlsx
ザクロ,4,r_01_ザクロ_平易化.xlsx,r_02_ザクロ_平易化.xlsx
レオシュ・ヤナーチェク,7,s_01_レオシュ・ヤナーチェク_平易化.xlsx,s_02_レオシュ・ヤナーチェク.xlsx
八丈島事件,3,r_01_八丈島事件_平易化.xlsx,r_02_八丈島事件_平易化.xlsx
フェズ,2,r_01_フェズ_平易化.xlsx,r_02_フェズ_平易化.xlsx
エナメル質,4,s_01_エナメル質_平易化.xlsx,s_02_エナメル質_平易化.xlsx
町屋 (商家),5,r_01_町屋 (商家)_平易化.xlsx,r_02_町屋 (商家)_平易化.xlsx
2019年逃亡犯条例改正案,3,r_01_2019年逃亡犯条例改正案_平易化.xlsx,r_02_2019年逃亡犯条例改正案_平易化.xlsx
那珂湊反射炉,2,r_01_那珂湊反射炉_平易化.xlsx,r_02_那珂湊反射炉_平易化.xlsx
暗黒時代 (古代ギリシア),2,r_01_暗黒時代 (古代ギリシア)_平易化.xlsx,r_02_暗黒時代 (古代ギリシア)_平易化.xlsx
京急700形電車 (2代),5,r_01_京急700形電車 (2代)_平易化.xlsx,r_02_京急700形電車 (2代)_平易化.xlsx
アメリカ施政権下の小笠原諸島,2,r_01_アメリカ施政権下の小笠原諸島_平易化.xlsx,r_02_アメリカ施政権下の小笠原諸島_平易化.xlsx
変形菌,4,r_01_変形菌_平易化.xlsx,r_02_変形菌_平易化.xlsx
死神 (日本),3,r_01_死神 (日本)_平易化.xlsx,r_02_死神 (日本)_平易化.xlsx
シビュラの託宣,1,s_01_シビュラの託宣_平易化.xlsx,s_02_シビュラの託宣_平易化.xlsx
中部電力 (1930-1937),5,r_01_中部電力 (1930-1937)_平易化.xlsx,r_02_中部電力 (1930-1937)_平易化.xlsx
カール・ミュンヒンガー,7,r_01_カール・ミュンヒンガー_平易化.xlsx,r_02_カール・ミュンヒンガー_平易化.xlsx
原谷 (京都市),2,r_01_原谷 (京都市)_平易化.xlsx,r_02_原谷 (京都市)_平易化.xlsx
金沢電気軌道,6,r_01_金沢電気軌道_平易化.xlsx,r_02_金沢電気軌道_平易化.xlsx
名古屋鉄道トク3号電車,5,r_01_名古屋鉄道トク3号電車_平易化.xlsx,r_02_名古屋鉄道トク3号電車_平易化.xlsx
ロンドン自然史博物館,4,r_01_ロンドン自然史博物館_平易化.xlsx,r_02_ロンドン自然史博物館_平易化.xlsx
フレデリック・ノース (第2代ギルフォード伯爵),2,r_01_フレデリック・ノース (第2代ギルフォード伯爵)_平易化.xlsx,r_02_フレデリック・ノース (第2代ギルフォード伯爵)_平易化.xlsx
軍服 (ドイツ国防軍陸軍),3,r_01_軍服 (ドイツ国防軍陸軍)_平易化.xlsx,r_02_軍服 (ドイツ国防軍陸軍)_平易化.xlsx
上山寺,1,r_01_上山寺_平易化.xlsx,r_02_上山寺_平易化.xlsx
ガズデン購入50セント硬貨,3,r_01_ガズデン購入50セント硬貨_平易化.xlsx,r_02_ガズデン購入50セント硬貨_平易化.xlsx
ピュー,2,r_01_ピュー_平易化.xlsx,r_02_ピュー_平易化.xlsx
三億円別件逮捕事件,0,r_01_三億円別件逮捕事件_平易化.xlsx,r_02_三億円別件逮捕事件_平易化.xlsx
蓮田善明,9,r_01_蓮田善明_平易化.xlsx,r_02_蓮田善明_平易化.xlsx
住吉大社,1,r_01_住吉大社_平易化.xlsx,r_02_住吉大社_平易化.xlsx
国立市主婦殺害事件,3,r_01_国立市主婦殺害事件_平易化.xlsx,r_02_国立市主婦殺害事件_平易化.xlsx
水素吸蔵合金,5,r_01_水素吸蔵合金_平易化.xlsx,r_02_水素吸蔵合金_平易化.xlsx
染色体説,4,r_01_染色体説_平易化.xlsx,r_02_染色体説_平易化.xlsx
アーサー・バルフォア,2,r_01_アーサー・バルフォア_平易化.xlsx,r_02_アーサー・バルフォア_平易化.xlsx
稲沢市図書館,0,r_01_稲沢市図書館_平易化.xlsx,r_02_稲沢市図書館_平易化.xlsx
HTV技術実証機,5,r_01_HTV技術実証機_平易化.xlsx,r_02_HTV技術実証機_平易化.xlsx
京王8000系電車,5,r_01_京王8000系電車_平易化.xlsx,r_02_京王8000系電車_平易化.xlsx
チャールズ・ジェームズ・フォックス,2,r_01_チャールズ・ジェームズ・フォックス_平易化.xlsx,r_02_チャールズ・ジェームズ・フォックス_平易化.xlsx
セルピン,4,r_01_セルピン_平易化.xlsx,r_02_セルピン_平易化.xlsx
保阪潤治,2,r_01_保阪潤治_平易化.xlsx,r_02_保阪潤治_平易化.xlsx
ムフタール・アッ＝サカフィー,2,r_01_ムフタール・アッ＝サカフィー_平易化.xlsx,r_02_ムフタール・アッ＝サカフィー_平易化.xlsx
トーキー,7,r_01_トーキー_平易化.xlsx,r_02_トーキー_平易化.xlsx
足袋蔵,5,r_01_足袋蔵_平易化.xlsx,r_02_足袋蔵_平易化.xlsx
富山市立図書館,0,r_01_富山市立図書館_平易化.xlsx,r_02_富山市立図書館_平易化.xlsx
日本最古のりんごの木,4,r_01_日本最古のりんごの木_平易化.xlsx,r_02_日本最古のりんごの木_平易化.xlsx
Justy×Nasty 〜魔王はじめました〜,7,r_01_Justy×Nasty 〜魔王はじめました〜_平易化.xlsx,r_02_Justy×Nasty 〜魔王はじめました〜_平易化.xlsx
押出成形,5,r_01_押出成形_平易化.xlsx,r_02_押出成形_平易化.xlsx
ボストン,2,r_01_ボストン_平易化.xlsx,r_02_ボストン_平易化.xlsx
名古屋電力,5,r_01_名古屋電力_平易化.xlsx,r_02_名古屋電力_平易化.xlsx
白川郷・五箇山の合掌造り集落,7,r_01_白川郷・五箇山の合掌造り集落_平易化.xlsx,r_02_白川郷・五箇山の合掌造り集落_平易化.xlsx
グリム童話,9,r_01_グリム童話_平易化.xlsx,r_02_グリム童話_平易化.xlsx
香良洲町,2,r_01_香良洲町_平易化.xlsx,r_02_香良洲町_平易化.xlsx
帯広市図書館,0,r_01_帯広市図書館_平易化.xlsx,r_02_帯広市図書館_平易化.xlsx
ティンツフィールド,5,r_01_ティンツフィールド_平易化.xlsx,r_02_ティンツフィールド_平易化.xlsx
中川イセ,2,r_01_中川イセ_平易化.xlsx,r_02_中川イセ_平易化.xlsx
日本の両生類一覧,4,r_01_日本の両生類一覧_平易化.xlsx,r_02_日本の両生類一覧_平易化.xlsx
アン女王戦争,2,r_01_アン女王戦争_平易化.xlsx,r_02_アン女王戦争_平易化.xlsx
戦争レクイエム,7,r_01_戦争レクイエム_平易化.xlsx,r_02_戦争レクイエム_平易化.xlsx
カリウム,4,r_01_カリウム_平易化.xlsx,r_02_カリウム_平易化.xlsx
エビフリャー,8,r_01_エビフリャー_平易化.xlsx,r_02_エビフリャー_平易化.xlsx
ムハンマド3世 (ナスル朝),2,r_01_ムハンマド3世 (ナスル朝)_平易化.xlsx,r_02_ムハンマド3世 (ナスル朝)_平易化.xlsx
フルーツサンド,5,r_01_フルーツサンド_平易化.xlsx,r_02_フルーツサンド_平易化.xlsx
ヒューストン,2,r_01_ヒューストン_平易化.xlsx,r_02_ヒューストン_平易化.xlsx
名鉄3780系電車,5,r_01_名鉄3780系電車_平易化.xlsx,r_02_名鉄3780系電車_平易化.xlsx
織田信長,2,r_01_織田信長_平易化.xlsx,r_02_織田信長_平易化.xlsx
三島由紀夫,9,s_01_三島由紀夫_平易化.xlsx,s_02_三島由紀夫.xlsx
ムハンマド・アリー,2,s_01_ムハンマド・アリー_平易化.xlsx,s_02_ムハンマド・アリー_平易化.xlsx
スペンサー・コンプトン (初代ウィルミントン伯爵),2,r_01_スペンサー・コンプトン (初代ウィルミントン伯爵)_平易化.xlsx,r_02_スペンサー・コンプトン (初代ウィルミントン伯爵)_平易化.xlsx
オエンガス1世 (ピクト王),2,r_01_オエンガス1世 (ピクト王)_平易化.xlsx,r_02_オエンガス1世 (ピクト王)_平易化.xlsx
箱根火山の形成史,4,r_01_箱根火山の形成史_平易化.xlsx,r_02_箱根火山の形成史_平易化.xlsx
小田急電鉄のダイヤ改正,6,r_01_小田急電鉄のダイヤ改正_平易化.xlsx,r_02_小田急電鉄のダイヤ改正_平易化.xlsx
カルマルカサークル,7,r_01_カルマルカサークル_平易化.xlsx,r_02_カルマルカサークル_平易化.xlsx
フロギストン説,4,r_01_フロギストン説_平易化.xlsx,r_02_フロギストン説_平易化.xlsx
ジョゼフ・チェンバレン,2,r_01_ジョゼフ・チェンバレン_平易化.xlsx,r_02_ジョゼフ・チェンバレン_平易化.xlsx
チューリップ・バブル,3,r_01_チューリップ・バブル_平易化.xlsx,r_02_チューリップ・バブル_平易化.xlsx
木部,4,r_01_木部_平易化.xlsx,r_02_木部_平易化.xlsx
ジュゼッペ・ヴェルディ,7,r_01_ジュゼッペ・ヴェルディ_平易化.xlsx,r_02_ジュゼッペ・ヴェルディ_平易化.xlsx
四国同盟戦争,2,r_01_四国同盟戦争_平易化.xlsx,r_02_四国同盟戦争_平易化.xlsx
森巌寺 (世田谷区),1,r_01_森巌寺 (世田谷区)_平易化.xlsx,r_02_森巌寺 (世田谷区)_平易化.xlsx
緑藻,4,r_01_緑藻_平易化.xlsx,r_02_緑藻_平易化.xlsx
アヴィス王朝,2,r_01_アヴィス王朝_平易化.xlsx,r_02_アヴィス王朝_平易化.xlsx
東郷町藤川,2,r_01_東郷町藤川_平易化.xlsx,r_02_東郷町藤川_平易化.xlsx
お猿のかごや,7,r_01_お猿のかごや_平易化.xlsx,r_02_お猿のかごや_平易化.xlsx
鹿島清兵衛,7,r_01_鹿島清兵衛_平易化.xlsx,r_02_鹿島清兵衛_平易化.xlsx
北の大火,2,r_01_北の大火_平易化.xlsx,r_02_北の大火_平易化.xlsx
音戸の瀬戸,2,r_01_音戸の瀬戸_平易化.xlsx,r_02_音戸の瀬戸_平易化.xlsx
神饌,1,r_01_神饌_平易化.xlsx,r_02_神饌_平易化.xlsx
名岐鉄道デボ800形電車,5,r_01_名岐鉄道デボ800形電車_平易化.xlsx,r_02_名岐鉄道デボ800形電車_平易化.xlsx
鉄道車両,5,r_01_鉄道車両_平易化.xlsx,r_02_鉄道車両_平易化.xlsx
シュレージエン戦争,2,r_01_シュレージエン戦争_平易化.xlsx,r_02_シュレージエン戦争_平易化.xlsx
多賀電気,5,r_01_多賀電気_平易化.xlsx,r_02_多賀電気_平易化.xlsx
深坂トンネル,5,r_01_深坂トンネル_平易化.xlsx,r_02_深坂トンネル_平易化.xlsx
日本語訳聖書,1,r_01_日本語訳聖書_平易化.xlsx,r_02_日本語訳聖書_平易化.xlsx
佐伯敏子 (反核運動家),2,r_01_佐伯敏子 (反核運動家)_平易化.xlsx,r_02_佐伯敏子 (反核運動家)_平易化.xlsx
イトカワ (小惑星),4,r_01_イトカワ (小惑星)_平易化.xlsx,r_02_イトカワ (小惑星)_平易化.xlsx
正中の変,2,r_01_正中の変_平易化.xlsx,r_02_正中の変_平易化.xlsx
ゾング号事件,2,r_01_ゾング号事件_平易化.xlsx,r_02_ゾング号事件_平易化.xlsx
地球の秘密,7,r_01_地球の秘密_平易化.xlsx,r_02_地球の秘密_平易化.xlsx
富士川橋梁 (東海道本線),5,r_01_富士川橋梁 (東海道本線)_平易化.xlsx,r_02_富士川橋梁 (東海道本線)_平易化.xlsx
アメリカ独立戦争,2,r_01_アメリカ独立戦争_平易化.xlsx,r_02_アメリカ独立戦争_平易化.xlsx
フューチュリティステークス (アメリカ合衆国),7,r_01_フューチュリティステークス (アメリカ合衆国)_平易化.xlsx,r_02_フューチュリティステークス (アメリカ合衆国)_平易化.xlsx
ギリシア神話,1,r_01_ギリシア神話_平易化.xlsx,r_02_ギリシア神話_平易化.xlsx
エジプト式分数,4,r_01_エジプト式分数_平易化.xlsx,r_02_エジプト式分数_平易化.xlsx
燈明堂 (横須賀市),2,r_01_燈明堂 (横須賀市)_平易化.xlsx,r_02_燈明堂 (横須賀市)_平易化.xlsx
モンゴルのホラズム・シャー朝征服,2,r_01_モンゴルのホラズム・シャー朝征服_平易化.xlsx,r_02_モンゴルのホラズム・シャー朝征服_平易化.xlsx
東欧諸国のビザンティン建築,5,r_01_東欧諸国のビザンティン建築_平易化.xlsx,r_02_東欧諸国のビザンティン建築_平易化.xlsx
星の砂,4,r_01_星の砂_平易化.xlsx,r_02_星の砂_平易化.xlsx
博多電気軌道,6,r_01_博多電気軌道_平易化.xlsx,r_02_博多電気軌道_平易化.xlsx
岳物語,9,r_01_岳物語_平易化.xlsx,r_02_岳物語_平易化.xlsx
セントラル・パーク,6,r_01_セントラル・パーク_平易化.xlsx,r_02_セントラル・パーク_平易化.xlsx
神谷太刀宮神社,1,r_01_神谷太刀宮神社_平易化.xlsx,r_02_神谷太刀宮神社_平易化.xlsx
Undertale,7,r_01_Undertale_平易化.xlsx,r_02_Undertale_平易化.xlsx
ぶん公,4,r_01_ぶん公_平易化.xlsx,r_02_ぶん公_平易化.xlsx
梶井基次郎,9,r_01_梶井基次郎_平易化.xlsx,r_02_梶井基次郎_平易化.xlsx
掃除魚,4,r_01_掃除魚_平易化.xlsx,r_02_掃除魚_平易化.xlsx
ゲオルク・ビューヒナー,9,r_01_ゲオルク・ビューヒナー_平易化.xlsx,r_02_ゲオルク・ビューヒナー_平易化.xlsx
二条為子,9,r_01_二条為子_平易化.xlsx,r_02_二条為子_平易化.xlsx
江戸時代の三貨制度,2,r_01_江戸時代の三貨制度_平易化.xlsx,r_02_江戸時代の三貨制度_平易化.xlsx
中華人民共和国のスポーツ,7,r_01_中華人民共和国のスポーツ_平易化.xlsx,r_02_中華人民共和国のスポーツ_平易化.xlsx
エルンスト・カルテンブルンナー,2,r_01_エルンスト・カルテンブルンナー_平易化.xlsx,r_02_エルンスト・カルテンブルンナー_平易化.xlsx
群馬コーヒー事件,2,r_01_群馬コーヒー事件_平易化.xlsx,r_02_群馬コーヒー事件_平易化.xlsx
花田ミキ,2,r_01_花田ミキ_平易化.xlsx,r_02_花田ミキ_平易化.xlsx
石油タンカー,5,r_01_石油タンカー_平易化.xlsx,r_02_石油タンカー_平易化.xlsx
アリス・ギイ,7,r_01_アリス・ギイ_平易化.xlsx,r_02_アリス・ギイ_平易化.xlsx
池上競馬場,7,s_01_池上競馬場_平易化.xlsx,s_02_池上競馬場.xlsx
サーリフ・ブン・ミルダース,2,r_01_サーリフ・ブン・ミルダース_平易化.xlsx,r_02_サーリフ・ブン・ミルダース_平易化.xlsx
長波 (駆逐艦),5,r_01_長波 (駆逐艦)_平易化.xlsx,r_02_長波 (駆逐艦)_平易化.xlsx
紀和町花井,2,r_01_紀和町花井_平易化.xlsx,r_02_紀和町花井_平易化.xlsx
2011年のワールドシリーズ,7,r_01_2011年のワールドシリーズ_平易化.xlsx,r_02_2011年のワールドシリーズ_平易化.xlsx
高尾山古墳,2,r_01_高尾山古墳_平易化.xlsx,r_02_高尾山古墳_平易化.xlsx
バヤズィト2世,2,r_01_バヤズィト2世_平易化.xlsx,r_02_バヤズィト2世_平易化.xlsx
たぬきち,7,r_01_たぬきち_平易化.xlsx,r_02_たぬきち_平易化.xlsx
サマリウム,4,r_01_サマリウム_平易化.xlsx,r_02_サマリウム_平易化.xlsx
北陸鉄道金沢市内線,6,r_01_北陸鉄道金沢市内線_平易化.xlsx,r_02_北陸鉄道金沢市内線_平易化.xlsx
富士山本宮浅間大社,1,r_01_富士山本宮浅間大社_平易化.xlsx,r_02_富士山本宮浅間大社_平易化.xlsx
根,4,r_01_根_平易化.xlsx,r_02_根_平易化.xlsx
少女☆歌劇 レヴュースタァライト (アニメ) ,7,r_01_少女☆歌劇 レヴュースタァライト (アニメ) _平易化.xlsx,r_02_少女☆歌劇 レヴュースタァライト (アニメ) _平易化.xlsx
イヴァン4世,2,r_01_イヴァン4世_平易化.xlsx,r_02_イヴァン4世_平易化.xlsx
ベイツ型擬態,4,r_01_ベイツ型擬態_平易化.xlsx,r_02_ベイツ型擬態_平易化.xlsx
オーストラリアワイン,5,r_01_オーストラリアワイン_平易化.xlsx,r_02_オーストラリアワイン_平易化.xlsx
スピノサウルス,4,r_01_スピノサウルス_平易化.xlsx,r_02_スピノサウルス_平易化.xlsx
スラヴ人トマス,2,r_01_スラヴ人トマス_平易化.xlsx,r_02_スラヴ人トマス_平易化.xlsx
太陽系外惑星,4,r_01_太陽系外惑星_平易化.xlsx,r_02_太陽系外惑星_平易化.xlsx
ニーマン・ピック病,4,r_01_ニーマン・ピック病_平易化.xlsx,r_02_ニーマン・ピック病_平易化.xlsx
太陽系の形成と進化,4,r_01_太陽系の形成と進化_平易化.xlsx,r_02_太陽系の形成と進化_平易化.xlsx
ジャン＝フランソワ・ミレー,7,r_01_ジャン＝フランソワ・ミレー_平易化.xlsx,r_02_ジャン＝フランソワ・ミレー_平易化.xlsx
D.B.クーパー事件‎,6,r_01_D.B.クーパー事件‎_平易化.xlsx,r_02_D.B.クーパー事件‎_平易化.xlsx
京王6000系電車,5,s_01_京王6000系電車_平易化.xlsx,s_02_京王6000系電車.xlsx
ウィンストン・チャーチル,2,r_01_ウィンストン・チャーチル_平易化.xlsx,r_02_ウィンストン・チャーチル_平易化.xlsx
村井多嘉子,2,r_01_村井多嘉子_平易化.xlsx,r_02_村井多嘉子_平易化.xlsx
インターシティ (ドイツ),6,r_01_インターシティ (ドイツ)_平易化.xlsx,r_02_インターシティ (ドイツ)_平易化.xlsx
ルーシー (アウストラロピテクス),4,r_01_ルーシー (アウストラロピテクス)_平易化.xlsx,r_02_ルーシー (アウストラロピテクス)_平易化.xlsx
カワード1世,2,r_01_カワード1世_平易化.xlsx,r_02_カワード1世_平易化.xlsx
アルフレッド・ヒッチコック,7,r_01_アルフレッド・ヒッチコック_平易化.xlsx,r_02_アルフレッド・ヒッチコック_平易化.xlsx
新安沈船,2,r_01_新安沈船_平易化.xlsx,r_02_新安沈船_平易化.xlsx
ロシアのクラシック音楽史,7,r_01_ロシアのクラシック音楽史_平易化.xlsx,r_02_ロシアのクラシック音楽史_平易化.xlsx
駒競行幸絵巻,7,r_01_駒競行幸絵巻_平易化.xlsx,r_02_駒競行幸絵巻_平易化.xlsx
エアバスA320,5,r_01_エアバスA320_平易化.xlsx,r_02_エアバスA320_平易化.xlsx
ナディア・コマネチ,7,r_01_ナディア・コマネチ_平易化.xlsx,r_02_ナディア・コマネチ_平易化.xlsx
異種金属接触腐食,5,r_01_異種金属接触腐食_平易化.xlsx,r_02_異種金属接触腐食_平易化.xlsx
アルトゥール・ニキシュ,7,r_01_アルトゥール・ニキシュ_平易化.xlsx,r_02_アルトゥール・ニキシュ_平易化.xlsx
アテナイの学堂,7,r_01_アテナイの学堂_平易化.xlsx,r_02_アテナイの学堂_平易化.xlsx
四字熟語,8,r_01_四字熟語_平易化.xlsx,r_02_四字熟語_平易化.xlsx
アトランタ,2,r_01_アトランタ_平易化.xlsx,r_02_アトランタ_平易化.xlsx
甲斐姫,2,r_01_甲斐姫_平易化.xlsx,r_02_甲斐姫_平易化.xlsx
ナビス戦争,2,r_01_ナビス戦争_平易化.xlsx,r_02_ナビス戦争_平易化.xlsx
福博電気軌道,6,r_01_福博電気軌道_平易化.xlsx,r_02_福博電気軌道_平易化.xlsx
地図混乱地域,2,r_01_地図混乱地域_平易化.xlsx,r_02_地図混乱地域_平易化.xlsx
黒神町,2,r_01_黒神町_平易化.xlsx,r_02_黒神町_平易化.xlsx
知多鉄道,6,r_01_知多鉄道_平易化.xlsx,r_02_知多鉄道_平易化.xlsx
大同電力,5,r_01_大同電力_平易化.xlsx,r_02_大同電力_平易化.xlsx
大正天皇実録,0,r_01_大正天皇実録_平易化.xlsx,r_02_大正天皇実録_平易化.xlsx
シェトランド諸島,2,r_01_シェトランド諸島_平易化.xlsx,r_02_シェトランド諸島_平易化.xlsx
源氏物語大成,9,r_01_源氏物語大成_平易化.xlsx,r_02_源氏物語大成_平易化.xlsx
佐藤在寛,2,r_01_佐藤在寛_平易化.xlsx,r_02_佐藤在寛_平易化.xlsx
小田急9000形電車,5,r_01_小田急9000形電車_平易化.xlsx,r_02_小田急9000形電車_平易化.xlsx
愛知電気鉄道電7形電車,5,r_01_愛知電気鉄道電7形電車_平易化.xlsx,r_02_愛知電気鉄道電7形電車_平易化.xlsx
10.8決戦,7,s_01_10.8決戦_平易化.xlsx,s_02_10.8決戦_平易化.xlsx
監査に関する品質管理基準,3,r_01_監査に関する品質管理基準_平易化.xlsx,r_02_監査に関する品質管理基準_平易化.xlsx
スバス・チャンドラ・ボース,2,r_01_スバス・チャンドラ・ボース_平易化.xlsx,r_02_スバス・チャンドラ・ボース_平易化.xlsx
動物漫画,7,r_01_動物漫画_平易化.xlsx,r_02_動物漫画_平易化.xlsx
ユリウス・ロベルト・フォン・マイヤー,2,r_01_ユリウス・ロベルト・フォン・マイヤー_平易化.xlsx,r_02_ユリウス・ロベルト・フォン・マイヤー_平易化.xlsx
イスラム経済,3,r_01_イスラム経済_平易化.xlsx,r_02_イスラム経済_平易化.xlsx
千と千尋の神隠し,7,r_01_千と千尋の神隠し_平易化.xlsx,r_02_千と千尋の神隠し_平易化.xlsx
スエズ運河,5,r_01_スエズ運河_平易化.xlsx,r_02_スエズ運河_平易化.xlsx
フランク王国,2,s_01_フランク王国_平易化.xlsx,s_02_フランク王国_平易化.xlsx
抗生物質,4,s_01_抗生物質_平易化.xlsx,s_02_抗生物質.xlsx
名古屋モスク,1,r_01_名古屋モスク_平易化.xlsx,r_02_名古屋モスク_平易化.xlsx
南草津駅,6,r_01_南草津駅_平易化.xlsx,r_02_南草津駅_平易化.xlsx
シュスワプ語,8,r_01_シュスワプ語_平易化.xlsx,r_02_シュスワプ語_平易化.xlsx
出家とその弟子,9,r_01_出家とその弟子_平易化.xlsx,r_02_出家とその弟子_平易化.xlsx
火星の生命,4,r_01_火星の生命_平易化.xlsx,r_02_火星の生命_平易化.xlsx
バスク・ナショナリズム,2,r_01_バスク・ナショナリズム_平易化.xlsx,r_02_バスク・ナショナリズム_平易化.xlsx
第二次ブルガリア帝国,2,r_01_第二次ブルガリア帝国_平易化.xlsx,r_02_第二次ブルガリア帝国_平易化.xlsx
安藤百福,2,r_01_安藤百福_平易化.xlsx,r_02_安藤百福_平易化.xlsx
ライアン・ゴズリング,7,r_01_ライアン・ゴズリング_平易化.xlsx,r_02_ライアン・ゴズリング_平易化.xlsx
檜洞丸,2,r_01_檜洞丸_平易化.xlsx,r_02_檜洞丸_平易化.xlsx
チラコイド,4,r_01_チラコイド_平易化.xlsx,r_02_チラコイド_平易化.xlsx
観世元滋,7,r_01_観世元滋_平易化.xlsx,r_02_観世元滋_平易化.xlsx
顕生代,4,r_01_顕生代_平易化.xlsx,r_02_顕生代_平易化.xlsx
小田急5000形電車 (初代),5,r_01_小田急5000形電車 (初代)_平易化.xlsx,r_02_小田急5000形電車 (初代)_平易化.xlsx
ユグノー戦争,2,r_01_ユグノー戦争_平易化.xlsx,r_02_ユグノー戦争_平易化.xlsx
ヒムヤル王国,2,r_01_ヒムヤル王国_平易化.xlsx,r_02_ヒムヤル王国_平易化.xlsx
広島瓦斯電軌1040形電車,5,r_01_広島瓦斯電軌1040形電車_平易化.xlsx,r_02_広島瓦斯電軌1040形電車_平易化.xlsx
エジプト先王朝時代,2,r_01_エジプト先王朝時代_平易化.xlsx,r_02_エジプト先王朝時代_平易化.xlsx
イースタン航空401便墜落事故,5,r_01_イースタン航空401便墜落事故_平易化.xlsx,r_02_イースタン航空401便墜落事故_平易化.xlsx
イオ (衛星),4,r_01_イオ (衛星)_平易化.xlsx,r_02_イオ (衛星)_平易化.xlsx
信玄公旗掛松事件,3,s_01_信玄公旗掛松事件_平易化.xlsx,s_02_信玄公旗掛松事件.xlsx
新名神武庫川橋,5,r_01_新名神武庫川橋_平易化.xlsx,r_02_新名神武庫川橋_平易化.xlsx
ラムタラ,7,r_01_ラムタラ_平易化.xlsx,r_02_ラムタラ_平易化.xlsx
野口源三郎,7,r_01_野口源三郎_平易化.xlsx,r_02_野口源三郎_平易化.xlsx
枢軸時代,2,r_01_枢軸時代_平易化.xlsx,r_02_枢軸時代_平易化.xlsx
北九州トンネル,5,r_01_北九州トンネル_平易化.xlsx,r_02_北九州トンネル_平易化.xlsx
内裏塚古墳群,2,r_01_内裏塚古墳群_平易化.xlsx,r_02_内裏塚古墳群_平易化.xlsx
米村でんじろう,2,r_01_米村でんじろう_平易化.xlsx,r_02_米村でんじろう_平易化.xlsx
小田急2600形電車,5,r_01_小田急2600形電車_平易化.xlsx,r_02_小田急2600形電車_平易化.xlsx
七色 (十津川村),2,r_01_七色 (十津川村)_平易化.xlsx,r_02_七色 (十津川村)_平易化.xlsx
渡辺康幸,7,r_01_渡辺康幸_平易化.xlsx,r_02_渡辺康幸_平易化.xlsx
勲章 (日本),3,r_01_勲章 (日本)_平易化.xlsx,r_02_勲章 (日本)_平易化.xlsx
JT女性社員逆恨み殺人事件,3,r_01_JT女性社員逆恨み殺人事件_平易化.xlsx,r_02_JT女性社員逆恨み殺人事件_平易化.xlsx
別府明礬橋,5,r_01_別府明礬橋_平易化.xlsx,r_02_別府明礬橋_平易化.xlsx
ベオグラード,2,r_01_ベオグラード_平易化.xlsx,r_02_ベオグラード_平易化.xlsx
福山そごう,6,r_01_福山そごう_平易化.xlsx,r_02_福山そごう_平易化.xlsx
小田急4000形電車 (初代),5,r_01_小田急4000形電車 (初代)_平易化.xlsx,r_02_小田急4000形電車 (初代)_平易化.xlsx
夕凪 (2代神風型駆逐艦),5,r_01_夕凪 (2代神風型駆逐艦)_平易化.xlsx,r_02_夕凪 (2代神風型駆逐艦)_平易化.xlsx
恋人たちのクリスマス,7,r_01_恋人たちのクリスマス_平易化.xlsx,r_02_恋人たちのクリスマス_平易化.xlsx
広島タクシー運転手連続殺人事件,3,r_01_広島タクシー運転手連続殺人事件_平易化.xlsx,r_02_広島タクシー運転手連続殺人事件_平易化.xlsx
ピアノ五重奏曲第2番 (フォーレ),7,r_01_ピアノ五重奏曲第2番 (フォーレ)_平易化.xlsx,r_02_ピアノ五重奏曲第2番 (フォーレ)_平易化.xlsx
流鬼国,2,r_01_流鬼国_平易化.xlsx,r_02_流鬼国_平易化.xlsx
モールの定理,5,r_01_モールの定理_平易化.xlsx,r_02_モールの定理_平易化.xlsx
岩神の飛石,4,r_01_岩神の飛石_平易化.xlsx,r_02_岩神の飛石_平易化.xlsx
サレカット・イスラム,2,r_01_サレカット・イスラム_平易化.xlsx,r_02_サレカット・イスラム_平易化.xlsx
竹 (松型駆逐艦),5,r_01_竹 (松型駆逐艦)_平易化.xlsx,r_02_竹 (松型駆逐艦)_平易化.xlsx
ウィリアム・ピット (初代チャタム伯爵),2,r_01_ウィリアム・ピット (初代チャタム伯爵)_平易化.xlsx,r_02_ウィリアム・ピット (初代チャタム伯爵)_平易化.xlsx
グリゴリー・ラスプーチン,2,r_01_グリゴリー・ラスプーチン_平易化.xlsx,r_02_グリゴリー・ラスプーチン_平易化.xlsx
ヨハネの手紙三,1,s_01_ヨハネの手紙三_平易化.xlsx,s_02_ヨハネの手紙三.xlsx
エドワード・ハイド (初代クラレンドン伯爵),2,r_01_エドワード・ハイド (初代クラレンドン伯爵)_平易化.xlsx,r_02_エドワード・ハイド (初代クラレンドン伯爵)_平易化.xlsx
南オセチア紛争 (2008年),2,r_01_南オセチア紛争 (2008年)_平易化.xlsx,r_02_南オセチア紛争 (2008年)_平易化.xlsx
戸倉ハル,2,r_01_戸倉ハル_平易化.xlsx,r_02_戸倉ハル_平易化.xlsx
葺石,2,r_01_葺石_平易化.xlsx,r_02_葺石_平易化.xlsx
スタッフが美味しくいただきました,6,r_01_スタッフが美味しくいただきました_平易化.xlsx,r_02_スタッフが美味しくいただきました_平易化.xlsx
第三次イタリア戦争,2,r_01_第三次イタリア戦争_平易化.xlsx,r_02_第三次イタリア戦争_平易化.xlsx
阿南鉄道,6,r_01_阿南鉄道_平易化.xlsx,r_02_阿南鉄道_平易化.xlsx
日華連絡船,6,r_01_日華連絡船_平易化.xlsx,r_02_日華連絡船_平易化.xlsx
アッシュルバニパル,2,r_01_アッシュルバニパル_平易化.xlsx,r_02_アッシュルバニパル_平易化.xlsx
九州電灯鉄道,5,r_01_九州電灯鉄道_平易化.xlsx,r_02_九州電灯鉄道_平易化.xlsx
ネイト・シルバー,2,r_01_ネイト・シルバー_平易化.xlsx,r_02_ネイト・シルバー_平易化.xlsx
ウラジーミル・ナボコフ (政治家),2,r_01_ウラジーミル・ナボコフ (政治家)_平易化.xlsx,r_02_ウラジーミル・ナボコフ (政治家)_平易化.xlsx
丹後杜氏,5,r_01_丹後杜氏_平易化.xlsx,r_02_丹後杜氏_平易化.xlsx
皇太子裕仁親王の欧州訪問,2,r_01_皇太子裕仁親王の欧州訪問_平易化.xlsx,r_02_皇太子裕仁親王の欧州訪問_平易化.xlsx
土器,7,r_01_土器_平易化.xlsx,r_02_土器_平易化.xlsx
ボルスタアンカー,5,r_01_ボルスタアンカー_平易化.xlsx,r_02_ボルスタアンカー_平易化.xlsx
枕石寺,1,r_01_枕石寺_平易化.xlsx,r_02_枕石寺_平易化.xlsx
平泉,7,r_01_平泉_平易化.xlsx,r_02_平泉_平易化.xlsx
X染色体の不活性化,4,r_01_X染色体の不活性化_平易化.xlsx,r_02_X染色体の不活性化_平易化.xlsx
第三次奴隷戦争,2,r_01_第三次奴隷戦争_平易化.xlsx,r_02_第三次奴隷戦争_平易化.xlsx
秋田弁,8,r_01_秋田弁_平易化.xlsx,r_02_秋田弁_平易化.xlsx
小田急3100形電車,5,r_01_小田急3100形電車_平易化.xlsx,r_02_小田急3100形電車_平易化.xlsx
七年戦争,2,r_01_七年戦争_平易化.xlsx,r_02_七年戦争_平易化.xlsx
フレデリック・ロビンソン (初代ゴドリッチ子爵),2,r_01_フレデリック・ロビンソン (初代ゴドリッチ子爵)_平易化.xlsx,r_02_フレデリック・ロビンソン (初代ゴドリッチ子爵)_平易化.xlsx
アルトン・エリス,7,r_01_アルトン・エリス_平易化.xlsx,r_02_アルトン・エリス_平易化.xlsx
藤山一郎,7,s_01_藤山一郎_平易化.xlsx,s_02_藤山一郎.xlsx
笹生川ダム,5,r_01_笹生川ダム_平易化.xlsx,r_02_笹生川ダム_平易化.xlsx
アッシジのフランチェスコ,1,r_01_アッシジのフランチェスコ_平易化.xlsx,r_02_アッシジのフランチェスコ_平易化.xlsx
ナマズ目,4,r_01_ナマズ目_平易化.xlsx,r_02_ナマズ目_平易化.xlsx
牛山喜久子,2,r_01_牛山喜久子_平易化.xlsx,r_02_牛山喜久子_平易化.xlsx
日本水力,5,r_01_日本水力_平易化.xlsx,r_02_日本水力_平易化.xlsx
アジフライ,5,r_01_アジフライ_平易化.xlsx,r_02_アジフライ_平易化.xlsx
蒲生川 (鳥取県),2,r_01_蒲生川 (鳥取県)_平易化.xlsx,r_02_蒲生川 (鳥取県)_平易化.xlsx
快楽の園,7,r_01_快楽の園_平易化.xlsx,r_02_快楽の園_平易化.xlsx
フランツ・ヨーゼフ1世 (オーストリア皇帝),2,r_01_フランツ・ヨーゼフ1世 (オーストリア皇帝)_平易化.xlsx,r_02_フランツ・ヨーゼフ1世 (オーストリア皇帝)_平易化.xlsx
ゴローニン事件,2,r_01_ゴローニン事件_平易化.xlsx,r_02_ゴローニン事件_平易化.xlsx
エサルハドン,2,r_01_エサルハドン_平易化.xlsx,r_02_エサルハドン_平易化.xlsx
有村町,2,r_01_有村町_平易化.xlsx,r_02_有村町_平易化.xlsx
金属,4,r_01_金属_平易化.xlsx,r_02_金属_平易化.xlsx
第三次ポエニ戦争,2,s_01_第三次ポエニ戦争_平易化.xlsx,s_02_第三次ポエニ戦争.xlsx
Robot Operating System,5,r_01_Robot Operating System_平易化.xlsx,r_02_Robot Operating System_平易化.xlsx
クンタ・キンテ島と関連遺跡群,2,r_01_クンタ・キンテ島と関連遺跡群_平易化.xlsx,r_02_クンタ・キンテ島と関連遺跡群_平易化.xlsx
水戸市立図書館,0,r_01_水戸市立図書館_平易化.xlsx,r_02_水戸市立図書館_平易化.xlsx
カール1世 (オーストリア皇帝),2,r_01_カール1世 (オーストリア皇帝)_平易化.xlsx,r_02_カール1世 (オーストリア皇帝)_平易化.xlsx
姉帯小鳥谷根反の珪化木地帯,4,r_01_姉帯小鳥谷根反の珪化木地帯_平易化.xlsx,r_02_姉帯小鳥谷根反の珪化木地帯_平易化.xlsx
北条氏綱,2,r_01_北条氏綱_平易化.xlsx,r_02_北条氏綱_平易化.xlsx
エアバスA321,5,r_01_エアバスA321_平易化.xlsx,r_02_エアバスA321_平易化.xlsx
上淀川橋梁,5,r_01_上淀川橋梁_平易化.xlsx,r_02_上淀川橋梁_平易化.xlsx
エジプトの歴史,2,r_01_エジプトの歴史_平易化.xlsx,r_02_エジプトの歴史_平易化.xlsx
北部諸島 (イギリス),2,r_01_北部諸島 (イギリス)_平易化.xlsx,r_02_北部諸島 (イギリス)_平易化.xlsx
みんなの森 ぎふメディアコスモス,0,r_02_みんなの森_ぎふメディアコスモス_平易化.xlsx,r_02_みんなの森 ぎふメディアコスモス_平易化.xlsx
鄭麗君,2,r_01_鄭麗君_平易化.xlsx,r_02_鄭麗君_平易化.xlsx
岡崎市立中央図書館,0,r_01_岡崎市立中央図書館_平易化.xlsx,r_02_岡崎市立中央図書館_平易化.xlsx
富士山縦覧場,6,r_01_富士山縦覧場_平易化.xlsx,r_02_富士山縦覧場_平易化.xlsx
熊野川町九重,2,r_01_熊野川町九重_平易化.xlsx,r_02_熊野川町九重_平易化.xlsx
ボルドーワイン,5,r_01_ボルドーワイン_平易化.xlsx,r_02_ボルドーワイン_平易化.xlsx
伊古奈比咩命神社,1,r_01_伊古奈比咩命神社_平易化.xlsx,r_02_伊古奈比咩命神社_平易化.xlsx
メジロマックイーン,7,r_01_メジロマックイーン_平易化.xlsx,r_02_メジロマックイーン_平易化.xlsx
貨幣史,3,r_01_貨幣史_平易化.xlsx,r_02_貨幣史_平易化.xlsx
レゲエ,7,s_01_レゲエ_平易化.xlsx,s_02_レゲエ.xlsx
糸魚川のヒスイ,4,r_01_糸魚川のヒスイ_平易化.xlsx,r_02_糸魚川のヒスイ_平易化.xlsx
ばね,5,s_01_ばね_平易化.xlsx,s_02_ばね_平易化.xlsx
飯盛里安,2,r_01_飯盛里安_平易化.xlsx,r_02_飯盛里安_平易化.xlsx
CC・サバシア,7,r_01_CC・サバシア_平易化.xlsx,r_02_CC・サバシア_平易化.xlsx
古川沼,2,r_01_古川沼_平易化.xlsx,r_02_古川沼_平易化.xlsx
アマノリ,4,r_01_アマノリ_平易化.xlsx,r_02_アマノリ_平易化.xlsx
きさらぎ駅,3,r_01_きさらぎ駅_平易化.xlsx,r_02_きさらぎ駅_平易化.xlsx
イヌの起源,4,r_01_イヌの起源_平易化.xlsx,r_02_イヌの起源_平易化.xlsx
ばら積み貨物船,5,r_01_ばら積み貨物船_平易化.xlsx,r_02_ばら積み貨物船_平易化.xlsx
堀川用水,2,r_01_堀川用水_平易化.xlsx,r_02_堀川用水_平易化.xlsx
シャープゲンゴロウモドキ,4,r_01_シャープゲンゴロウモドキ_平易化.xlsx,r_02_シャープゲンゴロウモドキ_平易化.xlsx
舜天,2,r_01_舜天_平易化.xlsx,r_02_舜天_平易化.xlsx
名目的取締役,3,r_01_名目的取締役_平易化.xlsx,r_02_名目的取締役_平易化.xlsx
対数螺旋,4,r_01_対数螺旋_平易化.xlsx,r_02_対数螺旋_平易化.xlsx
イブン・スィーナー,2,r_01_イブン・スィーナー_平易化.xlsx,r_02_イブン・スィーナー_平易化.xlsx
インドの美術,7,r_01_インドの美術_平易化.xlsx,r_02_インドの美術_平易化.xlsx
綾羅木,2,r_01_綾羅木_平易化.xlsx,r_02_綾羅木_平易化.xlsx
ソコト帝国,2,r_01_ソコト帝国_平易化.xlsx,r_02_ソコト帝国_平易化.xlsx
薩摩藩の長崎商法,2,r_01_薩摩藩の長崎商法_平易化.xlsx,r_02_薩摩藩の長崎商法_平易化.xlsx
査読なんか怖くない?,4,r_01_査読なんか怖くない__平易化.xlsx,r_02_査読なんか怖くない__平易化.xlsx
六甲トンネル,5,r_01_六甲トンネル_平易化.xlsx,r_02_六甲トンネル_平易化.xlsx
若栃,2,r_01_若栃_平易化.xlsx,r_02_若栃_平易化.xlsx
ペーローズ1世,2,r_01_ペーローズ1世_平易化.xlsx,r_02_ペーローズ1世_平易化.xlsx
ピアソン夫妻,1,r_01_ピアソン夫妻_平易化.xlsx,r_02_ピアソン夫妻_平易化.xlsx
桂正和,7,s_01_桂正和_平易化.xlsx,s_02_桂正和.xlsx
名鉄モ3350形電車 (初代),5,r_01_名鉄モ3350形電車 (初代)_平易化.xlsx,r_02_名鉄モ3350形電車 (初代)_平易化.xlsx
下甑島,2,r_01_下甑島_平易化.xlsx,r_02_下甑島_平易化.xlsx
ブルーインパルス,3,r_01_ブルーインパルス_平易化.xlsx,r_02_ブルーインパルス_平易化.xlsx
ケイドロ,7,r_01_ケイドロ_平易化.xlsx,r_02_ケイドロ_平易化.xlsx
竹一船団,2,r_01_竹一船団_平易化.xlsx,r_02_竹一船団_平易化.xlsx
ムハンマド・ブン・トゥグジュ,2,r_01_ムハンマド・ブン・トゥグジュ_平易化.xlsx,r_02_ムハンマド・ブン・トゥグジュ_平易化.xlsx
市営基町高層アパート,5,r_01_市営基町高層アパート_平易化.xlsx,r_02_市営基町高層アパート_平易化.xlsx
ぱいどん,7,r_01_ぱいどん_平易化.xlsx,r_02_ぱいどん_平易化.xlsx
タタールのくびき,2,r_01_タタールのくびき_平易化.xlsx,r_02_タタールのくびき_平易化.xlsx
静岡市立御幸町図書館,0,r_01_静岡市立御幸町図書館_平易化.xlsx,r_02_静岡市立御幸町図書館_平易化.xlsx
ルワンダ虐殺,2,r_01_ルワンダ虐殺_平易化.xlsx,r_02_ルワンダ虐殺_平易化.xlsx
月 (暦),4,r_01_月 (暦)_平易化.xlsx,r_02_月 (暦)_平易化.xlsx
JUNE (雑誌),9,r_01_JUNE (雑誌)_平易化.xlsx,r_02_JUNE (雑誌)_平易化.xlsx
満洲民族,3,r_01_満洲民族_平易化.xlsx,r_02_満洲民族_平易化.xlsx
エルヴィン・ロンメル,2,r_01_エルヴィン・ロンメル_平易化.xlsx,r_02_エルヴィン・ロンメル_平易化.xlsx
名鉄5000系電車 (初代),5,r_01_名鉄5000系電車 (初代)_平易化.xlsx,r_02_名鉄5000系電車 (初代)_平易化.xlsx
レンブラント・ファン・レイン,7,r_01_レンブラント・ファン・レイン_平易化.xlsx,r_02_レンブラント・ファン・レイン_平易化.xlsx
デング熱,4,r_01_デング熱_平易化.xlsx,r_02_デング熱_平易化.xlsx
バンカーヒルの戦い,2,r_01_バンカーヒルの戦い_平易化.xlsx,r_02_バンカーヒルの戦い_平易化.xlsx
深海魚,4,s_01_深海魚_平易化.xlsx,s_02_深海魚.xlsx
茨城電気 (1931-1942),5,r_01_茨城電気 (1931-1942)_平易化.xlsx,r_02_茨城電気 (1931-1942)_平易化.xlsx
呉工廠排球チーム,7,r_01_呉工廠排球チーム_平易化.xlsx,r_02_呉工廠排球チーム_平易化.xlsx
剣闘士,2,r_01_剣闘士_平易化.xlsx,r_02_剣闘士_平易化.xlsx
平成26年8月豪雨による広島市の土砂災害,3,r_01_平成26年8月豪雨による広島市の土砂災害_平易化.xlsx,r_02_平成26年8月豪雨による広島市の土砂災害_平易化.xlsx
樋越川,2,r_01_樋越川_平易化.xlsx,r_02_樋越川_平易化.xlsx
経度の歴史,4,r_01_経度の歴史_平易化.xlsx,r_02_経度の歴史_平易化.xlsx
アマミサソリモドキ,4,r_01_アマミサソリモドキ_平易化.xlsx,r_02_アマミサソリモドキ_平易化.xlsx
佐美長神社,1,r_01_佐美長神社_平易化.xlsx,r_02_佐美長神社_平易化.xlsx
ラファイエット,2,r_01_ラファイエット_平易化.xlsx,r_02_ラファイエット_平易化.xlsx
坊津町久志,2,r_01_坊津町久志_平易化.xlsx,r_02_坊津町久志_平易化.xlsx
南硫黄島原生自然環境保全地域,4,s_01_南硫黄島原生自然環境保全地域_平易化.xlsx,s_02_南硫黄島原生自然環境保全地域.xlsx
カードの切り方が人生だ,6,r_01_カードの切り方が人生だ_平易化.xlsx,r_02_カードの切り方が人生だ_平易化.xlsx
リバーサイド教会,1,r_01_リバーサイド教会_平易化.xlsx,r_02_リバーサイド教会_平易化.xlsx
ムハンマド・アリー・ジンナー,2,r_01_ムハンマド・アリー・ジンナー_平易化.xlsx,r_02_ムハンマド・アリー・ジンナー_平易化.xlsx
東武200系電車,5,r_01_東武200系電車_平易化.xlsx,r_02_東武200系電車_平易化.xlsx
楽々園遊園地,6,r_01_楽々園遊園地_平易化.xlsx,r_02_楽々園遊園地_平易化.xlsx
ポール・セザンヌ,7,r_01_ポール・セザンヌ_平易化.xlsx,r_02_ポール・セザンヌ_平易化.xlsx
市川一家4人殺害事件,3,r_01_市川一家4人殺害事件_平易化.xlsx,r_02_市川一家4人殺害事件_平易化.xlsx
ホウ素,4,r_01_ホウ素_平易化.xlsx,r_02_ホウ素_平易化.xlsx
補聴器の歴史,5,r_01_補聴器の歴史_平易化.xlsx,r_02_補聴器の歴史_平易化.xlsx
早川のビランジュ,4,r_01_早川のビランジュ_平易化.xlsx,r_02_早川のビランジュ_平易化.xlsx
美しく青きドナウ,7,r_01_美しく青きドナウ_平易化.xlsx,r_02_美しく青きドナウ_平易化.xlsx
醒井宿,2,r_01_醒井宿_平易化.xlsx,r_02_醒井宿_平易化.xlsx
重力波の初検出,4,r_01_重力波の初検出_平易化.xlsx,r_02_重力波の初検出_平易化.xlsx
小瀬川,2,r_01_小瀬川_平易化.xlsx,r_02_小瀬川_平易化.xlsx
アメリカ＝メキシコ国境,2,r_01_アメリカ＝メキシコ国境_平易化.xlsx,r_02_アメリカ＝メキシコ国境_平易化.xlsx
北陸線列車雪崩直撃事故,6,r_01_北陸線列車雪崩直撃事故_平易化.xlsx,r_02_北陸線列車雪崩直撃事故_平易化.xlsx
八百津発電所,5,r_01_八百津発電所_平易化.xlsx,r_02_八百津発電所_平易化.xlsx
童貞を殺す服,8,r_01_童貞を殺す服_平易化.xlsx,r_02_童貞を殺す服_平易化.xlsx
バイカル湖,2,r_01_バイカル湖_平易化.xlsx,r_02_バイカル湖_平易化.xlsx
安政の大地震,4,r_01_安政の大地震_平易化.xlsx,r_02_安政の大地震_平易化.xlsx
世界遺産,7,s_01_世界遺産_平易化.xlsx,s_02_世界遺産.xlsx
先収会社,6,r_01_先収会社_平易化.xlsx,r_02_先収会社_平易化.xlsx
腕足動物,4,r_01_腕足動物_平易化.xlsx,r_02_腕足動物_平易化.xlsx
リンネ式階層分類体系,4,r_01_リンネ式階層分類体系_平易化.xlsx,r_02_リンネ式階層分類体系_平易化.xlsx
荒木飛呂彦,7,r_01_荒木飛呂彦_平易化.xlsx,r_02_荒木飛呂彦_平易化.xlsx
ハリファックス大爆発,2,r_01_ハリファックス大爆発_平易化.xlsx,r_02_ハリファックス大爆発_平易化.xlsx
人新世,4,r_01_人新世_平易化.xlsx,r_02_人新世_平易化.xlsx
国崎町,2,r_01_国崎町_平易化.xlsx,r_02_国崎町_平易化.xlsx
ユーゴスラビア王国,2,r_01_ユーゴスラビア王国_平易化.xlsx,r_02_ユーゴスラビア王国_平易化.xlsx
中川の箒スギ,4,r_01_中川の箒スギ_平易化.xlsx,r_02_中川の箒スギ_平易化.xlsx
水素,4,r_01_水素_平易化.xlsx,r_02_水素_平易化.xlsx
寧辺核施設,3,r_01_寧辺核施設_平易化.xlsx,r_02_寧辺核施設_平易化.xlsx
ウルム戦役,2,r_01_ウルム戦役_平易化.xlsx,r_02_ウルム戦役_平易化.xlsx
ロボジッツの戦い,2,r_01_ロボジッツの戦い_平易化.xlsx,r_02_ロボジッツの戦い_平易化.xlsx
ユスティニアヌス1世,2,r_01_ユスティニアヌス1世_平易化.xlsx,r_02_ユスティニアヌス1世_平易化.xlsx
三徳川,2,r_01_三徳川_平易化.xlsx,r_02_三徳川_平易化.xlsx
永浜宇平,2,r_01_永浜宇平_平易化.xlsx,r_02_永浜宇平_平易化.xlsx
アンネ・フランク,2,s_01_アンネ・フランク_平易化.xlsx,s_02_アンネ・フランク_平易化.xlsx
ギャンブル依存症,4,r_01_ギャンブル依存症_平易化.xlsx,r_02_ギャンブル依存症_平易化.xlsx
吉野 (鹿児島市),2,r_01_吉野 (鹿児島市)_平易化.xlsx,r_02_吉野 (鹿児島市)_平易化.xlsx
カンポンボーイ,7,r_01_カンポンボーイ_平易化.xlsx,r_02_カンポンボーイ_平易化.xlsx
ベリリウム,4,s_01_ベリリウム_平易化.xlsx,s_02_ベリリウム_平易化.xlsx
マックス・パーキンズ,9,r_01_マックス・パーキンズ_平易化.xlsx,r_02_マックス・パーキンズ_平易化.xlsx
シジミチョウ科,4,r_01_シジミチョウ科_平易化.xlsx,r_02_シジミチョウ科_平易化.xlsx
メートル,4,r_01_メートル_平易化.xlsx,r_02_メートル_平易化.xlsx
ポルトガルの歴史,2,r_01_ポルトガルの歴史_平易化.xlsx,r_02_ポルトガルの歴史_平易化.xlsx
マンスフィールド (オハイオ州),2,r_01_マンスフィールド (オハイオ州)_平易化.xlsx,r_02_マンスフィールド (オハイオ州)_平易化.xlsx
チプロフツィ,2,r_01_チプロフツィ_平易化.xlsx,r_02_チプロフツィ_平易化.xlsx
鶏頭の十四五本もありぬべし,9,r_01_鶏頭の十四五本もありぬべし_平易化.xlsx,r_02_鶏頭の十四五本もありぬべし_平易化.xlsx
Déraciné (ゲーム),7,r_01_Déraciné (ゲーム)_平易化.xlsx,r_02_Déraciné (ゲーム)_平易化.xlsx
徳川家康三方ヶ原戦役画像,7,r_01_徳川家康三方ヶ原戦役画像_平易化.xlsx,r_02_徳川家康三方ヶ原戦役画像_平易化.xlsx
カール・マルクス,2,r_01_カール・マルクス_平易化.xlsx,r_02_カール・マルクス_平易化.xlsx
指宿市立図書館,0,r_01_指宿市立図書館_平易化.xlsx,r_02_指宿市立図書館_平易化.xlsx
飛騨川流域一貫開発計画,5,r_01_飛騨川流域一貫開発計画_平易化.xlsx,r_02_飛騨川流域一貫開発計画_平易化.xlsx
平松のウツクシマツ自生地,4,r_01_平松のウツクシマツ自生地_平易化.xlsx,r_02_平松のウツクシマツ自生地_平易化.xlsx
志摩町和具,2,r_01_志摩町和具_平易化.xlsx,r_02_志摩町和具_平易化.xlsx
エドワード8世の退位,2,r_01_エドワード8世の退位_平易化.xlsx,r_02_エドワード8世の退位_平易化.xlsx
ヘルマン・ゲーリング,2,r_01_ヘルマン・ゲーリング_平易化.xlsx,r_02_ヘルマン・ゲーリング_平易化.xlsx
ニカラグア事件,2,r_01_ニカラグア事件_平易化.xlsx,r_02_ニカラグア事件_平易化.xlsx
半金属,4,r_01_半金属_平易化.xlsx,r_02_半金属_平易化.xlsx
清水局事件,3,r_01_清水局事件_平易化.xlsx,r_02_清水局事件_平易化.xlsx
列車,6,r_01_列車_平易化.xlsx,r_02_列車_平易化.xlsx
沼田鈴子,2,r_01_沼田鈴子_平易化.xlsx,r_02_沼田鈴子_平易化.xlsx
富田川のオオウナギ生息地,4,r_01_富田川のオオウナギ生息地_平易化.xlsx,r_02_富田川のオオウナギ生息地_平易化.xlsx
出口川のカドミウム汚染,2,r_01_出口川のカドミウム汚染_平易化.xlsx,r_02_出口川のカドミウム汚染_平易化.xlsx
神戸外国人居留地,2,s_01_神戸外国人居留地_平易化.xlsx,s_02_神戸外国人居留地.xlsx
チェーザレ・ボルジア,2,r_01_チェーザレ・ボルジア_平易化.xlsx,r_02_チェーザレ・ボルジア_平易化.xlsx
パウル・フォン・ヒンデンブルク,2,r_01_パウル・フォン・ヒンデンブルク_平易化.xlsx,r_02_パウル・フォン・ヒンデンブルク_平易化.xlsx
ギリシャ独立戦争,2,r_01_ギリシャ独立戦争_平易化.xlsx,r_02_ギリシャ独立戦争_平易化.xlsx
大沼 (赤城山),2,r_01_大沼 (赤城山)_平易化.xlsx,r_02_大沼 (赤城山)_平易化.xlsx
2008年北京オリンピックの自転車競技・男子個人ロードレース,7,r_01_2008年北京オリンピックの自転車競技・男子個人ロードレース_平易化.xlsx,r_02_2008年北京オリンピックの自転車競技・男子個人ロードレース_平易化.xlsx
木星,4,r_01_木星_平易化.xlsx,r_02_木星_平易化.xlsx
ペトロの手紙二,1,r_01_ペトロの手紙二_平易化.xlsx,r_02_ペトロの手紙二_平易化.xlsx
ケレス (準惑星),4,r_01_ケレス (準惑星)_平易化.xlsx,r_02_ケレス (準惑星)_平易化.xlsx
ヒルズボロの悲劇,7,r_01_ヒルズボロの悲劇_平易化.xlsx,r_02_ヒルズボロの悲劇_平易化.xlsx
ライナス・ポーリング,2,r_01_ライナス・ポーリング_平易化.xlsx,r_02_ライナス・ポーリング_平易化.xlsx
大阪電灯,5,r_01_大阪電灯_平易化.xlsx,r_02_大阪電灯_平易化.xlsx
スペインの地理,2,r_01_スペインの地理_平易化.xlsx,r_02_スペインの地理_平易化.xlsx
どんぐりころころ,7,r_01_どんぐりころころ_平易化.xlsx,r_02_どんぐりころころ_平易化.xlsx
ナチス・ドイツによるフランス占領,2,r_01_ナチス・ドイツによるフランス占領_平易化.xlsx,r_02_ナチス・ドイツによるフランス占領_平易化.xlsx
平安座島,2,r_01_平安座島_平易化.xlsx,r_02_平安座島_平易化.xlsx
夏のない年,4,r_01_夏のない年_平易化.xlsx,r_02_夏のない年_平易化.xlsx
ヒダハタケ,4,r_01_ヒダハタケ_平易化.xlsx,r_02_ヒダハタケ_平易化.xlsx
タンネンベルクの戦い (1410年),2,r_01_タンネンベルクの戦い (1410年)_平易化.xlsx,r_02_タンネンベルクの戦い (1410年)_平易化.xlsx
ミラノ風ドリア,6,r_01_ミラノ風ドリア_平易化.xlsx,r_02_ミラノ風ドリア_平易化.xlsx
木曽電気製鉄,5,r_01_木曽電気製鉄_平易化.xlsx,r_02_木曽電気製鉄_平易化.xlsx
トラジャ族,3,r_01_トラジャ族_平易化.xlsx,r_02_トラジャ族_平易化.xlsx
三津 (京丹後市),2,r_01_三津 (京丹後市)_平易化.xlsx,r_02_三津 (京丹後市)_平易化.xlsx
朝鮮の日本酒,5,r_01_朝鮮の日本酒_平易化.xlsx,r_02_朝鮮の日本酒_平易化.xlsx
岩窟の聖母,7,r_01_岩窟の聖母_平易化.xlsx,r_02_岩窟の聖母_平易化.xlsx
MONSTER GENERATiON,7,r_01_MONSTER GENERATiON_平易化.xlsx,r_02_MONSTER GENERATiON_平易化.xlsx
青森県新和村一家7人殺害事件,3,r_01_青森県新和村一家7人殺害事件_平易化.xlsx,r_02_青森県新和村一家7人殺害事件_平易化.xlsx
タンタル,4,r_01_タンタル_平易化.xlsx,r_02_タンタル_平易化.xlsx
新東名高速道路,5,r_01_新東名高速道路_平易化.xlsx,r_02_新東名高速道路_平易化.xlsx
名鉄3400系電車,5,s_01_名鉄3400系電車_平易化.xlsx,s_02_名鉄3400系電車.xlsx
Megacheira,4,r_01_Megacheira_平易化.xlsx,r_02_Megacheira_平易化.xlsx
地球の年齢,4,r_01_地球の年齢_平易化.xlsx,r_02_地球の年齢_平易化.xlsx
日本女子体育専門学校 (旧制),3,r_01_日本女子体育専門学校 (旧制)_平易化.xlsx,r_02_日本女子体育専門学校 (旧制)_平易化.xlsx
大西洋横断電信ケーブル,5,r_01_大西洋横断電信ケーブル_平易化.xlsx,r_02_大西洋横断電信ケーブル_平易化.xlsx
ロバート・ガスコイン＝セシル (第3代ソールズベリー侯),2,r_01_ロバート・ガスコイン＝セシル (第3代ソールズベリー侯)_平易化.xlsx,r_02_ロバート・ガスコイン＝セシル (第3代ソールズベリー侯)_平易化.xlsx
ふらんす,8,r_01_ふらんす_平易化.xlsx,r_02_ふらんす_平易化.xlsx
下淀川橋梁,5,r_01_下淀川橋梁_平易化.xlsx,r_02_下淀川橋梁_平易化.xlsx
平 (京丹後市),2,r_01_平 (京丹後市)_平易化.xlsx,r_02_平 (京丹後市)_平易化.xlsx
松戸競馬場,7,r_01_松戸競馬場_平易化.xlsx,r_02_松戸競馬場_平易化.xlsx
バリ島,2,s_01_バリ島_平易化.xlsx,s_02_バリ島_平易化.xlsx
セントラル・パーク管理委員会,3,r_01_セントラル・パーク管理委員会_平易化.xlsx,r_02_セントラル・パーク管理委員会_平易化.xlsx
ナゴルノ・カラバフ自治州,2,r_01_ナゴルノ・カラバフ自治州_平易化.xlsx,r_02_ナゴルノ・カラバフ自治州_平易化.xlsx
上皮成長因子受容体,4,r_01_上皮成長因子受容体_平易化.xlsx,r_02_上皮成長因子受容体_平易化.xlsx
伊佐須美神社,1,r_01_伊佐須美神社_平易化.xlsx,r_02_伊佐須美神社_平易化.xlsx
姫路城,5,s_01_姫路城_平易化.xlsx,s_02_姫路城.xlsx
宮沢賢治,9,r_01_宮沢賢治_平易化.xlsx,r_02_宮沢賢治_平易化.xlsx
木村修治,2,r_01_木村修治_平易化.xlsx,r_02_木村修治_平易化.xlsx
測定,4,r_01_測定_平易化.xlsx,r_02_測定_平易化.xlsx
安城市図書情報館,0,r_01_安城市図書情報館_平易化.xlsx,r_02_安城市図書情報館_平易化.xlsx
世紀末ウィーン,2,r_01_世紀末ウィーン_平易化.xlsx,r_02_世紀末ウィーン_平易化.xlsx
受粉,4,r_01_受粉_平易化.xlsx,r_02_受粉_平易化.xlsx
鎌倉仏教,1,r_01_鎌倉仏教_平易化.xlsx,r_02_鎌倉仏教_平易化.xlsx
エドワード・スミス＝スタンリー (第14代ダービー伯爵),2,r_01_エドワード・スミス＝スタンリー (第14代ダービー伯爵)_平易化.xlsx,r_02_エドワード・スミス＝スタンリー (第14代ダービー伯爵)_平易化.xlsx
澱川橋梁,5,r_01_澱川橋梁_平易化.xlsx,r_02_澱川橋梁_平易化.xlsx
天洋丸級貨客船,5,r_01_天洋丸級貨客船_平易化.xlsx,r_02_天洋丸級貨客船_平易化.xlsx
貿易史,6,r_01_貿易史_平易化.xlsx,r_02_貿易史_平易化.xlsx
広島電鉄2500形電車,5,r_01_広島電鉄2500形電車_平易化.xlsx,r_02_広島電鉄2500形電車_平易化.xlsx
カジキ,4,r_01_カジキ_平易化.xlsx,r_02_カジキ_平易化.xlsx
ジョン・ステュアート (第3代ビュート伯),2,r_01_ジョン・ステュアート (第3代ビュート伯)_平易化.xlsx,r_02_ジョン・ステュアート (第3代ビュート伯)_平易化.xlsx
ふたりのイーダ,9,r_01_ふたりのイーダ_平易化.xlsx,r_02_ふたりのイーダ_平易化.xlsx
日の丸弁当,5,r_01_日の丸弁当_平易化.xlsx,r_02_日の丸弁当_平易化.xlsx
別府3億円保険金殺人事件,3,r_01_別府3億円保険金殺人事件_平易化.xlsx,r_02_別府3億円保険金殺人事件_平易化.xlsx
和田カツ,2,r_01_和田カツ_平易化.xlsx,r_02_和田カツ_平易化.xlsx
付加体,4,r_01_付加体_平易化.xlsx,r_02_付加体_平易化.xlsx
馬蹄形軌道,4,r_01_馬蹄形軌道_平易化.xlsx,r_02_馬蹄形軌道_平易化.xlsx
月世界旅行 (映画),7,r_01_月世界旅行 (映画)_平易化.xlsx,r_02_月世界旅行 (映画)_平易化.xlsx
九州送電,5,r_01_九州送電_平易化.xlsx,r_02_九州送電_平易化.xlsx
焼戻し,5,r_01_焼戻し_平易化.xlsx,r_02_焼戻し_平易化.xlsx
美濃の壺石,4,r_01_美濃の壺石_平易化.xlsx,r_02_美濃の壺石_平易化.xlsx
門司区,2,r_01_門司区_平易化.xlsx,r_02_門司区_平易化.xlsx
Umbrella (清水翔太のアルバム),7,r_01_Umbrella (清水翔太のアルバム)_平易化.xlsx,r_02_Umbrella (清水翔太のアルバム)_平易化.xlsx
ドゥニエ,3,r_01_ドゥニエ_平易化.xlsx,r_02_ドゥニエ_平易化.xlsx
堀内良平,2,r_01_堀内良平_平易化.xlsx,r_02_堀内良平_平易化.xlsx
信濃電気,5,r_01_信濃電気_平易化.xlsx,r_02_信濃電気_平易化.xlsx
元禄文化,2,r_01_元禄文化_平易化.xlsx,r_02_元禄文化_平易化.xlsx
浄ノ池特有魚類生息地,4,r_01_浄ノ池特有魚類生息地_平易化.xlsx,r_02_浄ノ池特有魚類生息地_平易化.xlsx
子ども食堂,3,r_01_子ども食堂_平易化.xlsx,r_02_子ども食堂_平易化.xlsx
英語の冠詞,8,r_01_英語の冠詞_平易化.xlsx,r_02_英語の冠詞_平易化.xlsx
バングラデシュ大虐殺 (1971年),2,r_01_バングラデシュ大虐殺 (1971年)_平易化.xlsx,r_02_バングラデシュ大虐殺 (1971年)_平易化.xlsx
シオダマリミジンコ属,4,r_01_シオダマリミジンコ属_平易化.xlsx,r_02_シオダマリミジンコ属_平易化.xlsx
船原ホテル,6,r_01_船原ホテル_平易化.xlsx,r_02_船原ホテル_平易化.xlsx
ヴィルヘルム1世 (ドイツ皇帝),2,r_01_ヴィルヘルム1世 (ドイツ皇帝)_平易化.xlsx,r_02_ヴィルヘルム1世 (ドイツ皇帝)_平易化.xlsx
家事使用人,3,r_01_家事使用人_平易化.xlsx,r_02_家事使用人_平易化.xlsx
真島襄一郎,2,r_01_真島襄一郎_平易化.xlsx,r_02_真島襄一郎_平易化.xlsx
カール4世 (神聖ローマ皇帝),2,r_01_カール4世 (神聖ローマ皇帝)_平易化.xlsx,r_02_カール4世 (神聖ローマ皇帝)_平易化.xlsx
八百屋お七,9,r_01_八百屋お七_平易化.xlsx,r_02_八百屋お七_平易化.xlsx
内部補助,3,r_01_内部補助_平易化.xlsx,r_02_内部補助_平易化.xlsx
北海大陸棚事件,2,r_01_北海大陸棚事件_平易化.xlsx,r_02_北海大陸棚事件_平易化.xlsx
御匣殿 (西園寺公顕女),2,r_01_御匣殿 (西園寺公顕女)_平易化.xlsx,r_02_御匣殿 (西園寺公顕女)_平易化.xlsx
小笛事件,3,r_01_小笛事件_平易化.xlsx,r_02_小笛事件_平易化.xlsx
ディシディア ファイナルファンタジー,7,s_01_ディシディア ファイナルファンタジー_平易化.xlsx,s_02_ディシディア ファイナルファンタジー_平易化.xlsx
ミハイル・アレクサンドロヴィチ (1878-1918),2,r_01_ミハイル・アレクサンドロヴィチ (1878-1918)_平易化.xlsx,r_02_ミハイル・アレクサンドロヴィチ (1878-1918)_平易化.xlsx
上野村亀甲石産地,4,r_01_上野村亀甲石産地_平易化.xlsx,r_02_上野村亀甲石産地_平易化.xlsx
スージー (チンパンジー),4,r_01_スージー (チンパンジー)_平易化.xlsx,r_02_スージー (チンパンジー)_平易化.xlsx
中城ふみ子,9,r_01_中城ふみ子_平易化.xlsx,r_02_中城ふみ子_平易化.xlsx
菌根,4,r_01_菌根_平易化.xlsx,r_02_菌根_平易化.xlsx
条約改正,2,r_01_条約改正_平易化.xlsx,r_02_条約改正_平易化.xlsx
水星,4,r_01_水星_平易化.xlsx,r_02_水星_平易化.xlsx
ジカ熱,4,r_01_ジカ熱_平易化.xlsx,r_02_ジカ熱_平易化.xlsx
天色*アイルノーツ,7,r_01_天色＊アイルノーツ_平易化.xlsx,r_02_天色＊アイルノーツ_平易化.xlsx
長谷寺銅板法華説相図,7,r_01_長谷寺銅板法華説相図_平易化.xlsx,r_02_長谷寺銅板法華説相図_平易化.xlsx
天明の打ちこわし,2,r_01_天明の打ちこわし_平易化.xlsx,r_02_天明の打ちこわし_平易化.xlsx
ジャンヌ・ダルク,2,r_01_ジャンヌ・ダルク_平易化.xlsx,r_02_ジャンヌ・ダルク_平易化.xlsx
ゲーム理論,3,r_01_ゲーム理論_平易化.xlsx,r_02_ゲーム理論_平易化.xlsx
ラット (漫画家),7,r_01_ラット (漫画家)_平易化.xlsx,r_02_ラット (漫画家)_平易化.xlsx
ミラビリス・リベル,1,r_01_ミラビリス・リベル_平易化.xlsx,r_02_ミラビリス・リベル_平易化.xlsx
鹿島神宮,1,r_01_鹿島神宮_平易化.xlsx,r_02_鹿島神宮_平易化.xlsx
アイディア・表現二分論,0,r_01_アイディア・表現二分論_平易化.xlsx,r_02_アイディア・表現二分論_平易化.xlsx
国土交通省直轄ダム,5,r_01_国土交通省直轄ダム_平易化.xlsx,r_02_国土交通省直轄ダム_平易化.xlsx
斗満虐殺事件,2,r_01_斗満虐殺事件_平易化.xlsx,r_02_斗満虐殺事件_平易化.xlsx
松苧神社,1,r_01_松苧神社_平易化.xlsx,r_02_松苧神社_平易化.xlsx
五稜郭,5,r_01_五稜郭_平易化.xlsx,r_02_五稜郭_平易化.xlsx
ヘイゼルの悲劇,7,r_01_ヘイゼルの悲劇_平易化.xlsx,r_02_ヘイゼルの悲劇_平易化.xlsx
ガリレオによるピサの斜塔実験,4,r_01_ガリレオによるピサの斜塔実験_平易化.xlsx,r_02_ガリレオによるピサの斜塔実験_平易化.xlsx
中国におけるイスラームの歴史,1,r_01_中国におけるイスラームの歴史_平易化.xlsx,r_02_中国におけるイスラームの歴史_平易化.xlsx
丹後ちりめん,5,r_01_丹後ちりめん_平易化.xlsx,r_02_丹後ちりめん_平易化.xlsx
南極の気候,4,r_01_南極の気候_平易化.xlsx,r_02_南極の気候_平易化.xlsx
サルーム・デルタ,2,r_01_サルーム・デルタ_平易化.xlsx,r_02_サルーム・デルタ_平易化.xlsx
始皇帝,2,r_01_始皇帝_平易化.xlsx,r_02_始皇帝_平易化.xlsx
日本の路面標示,5,r_01_日本の路面標示_平易化.xlsx,r_02_日本の路面標示_平易化.xlsx
蒋経国,2,r_01_蒋経国_平易化.xlsx,r_02_蒋経国_平易化.xlsx
阿里山丸,2,r_01_阿里山丸_平易化.xlsx,r_02_阿里山丸_平易化.xlsx
白小豆,6,r_01_白小豆_平易化.xlsx,r_02_白小豆_平易化.xlsx
水晶の夜,2,r_01_水晶の夜_平易化.xlsx,r_02_水晶の夜_平易化.xlsx
マラッカ王国,2,r_01_マラッカ王国_平易化.xlsx,r_02_マラッカ王国_平易化.xlsx
自由海論,3,r_01_自由海論_平易化.xlsx,r_02_自由海論_平易化.xlsx
ゴールパフォーマンス,7,r_01_ゴールパフォーマンス_平易化.xlsx,r_02_ゴールパフォーマンス_平易化.xlsx
名鉄7500系電車,5,r_01_名鉄7500系電車_平易化.xlsx,r_02_名鉄7500系電車_平易化.xlsx
イルカボーイズ,2,r_01_イルカボーイズ_平易化.xlsx,r_02_イルカボーイズ_平易化.xlsx
化石戦争,4,r_01_化石戦争_平易化.xlsx,r_02_化石戦争_平易化.xlsx
駒生 (宇都宮市),2,r_01_駒生 (宇都宮市)_平易化.xlsx,r_02_駒生 (宇都宮市)_平易化.xlsx
ワーテルローの戦い,2,r_01_ワーテルローの戦い_平易化.xlsx,r_02_ワーテルローの戦い_平易化.xlsx
ギリシャ軍事政権,2,r_01_ギリシャ軍事政権_平易化.xlsx,r_02_ギリシャ軍事政権_平易化.xlsx
ピエール＝オーギュスト・ルノワール ,7,r_01_ピエール＝オーギュスト・ルノワール _平易化.xlsx,r_02_ピエール＝オーギュスト・ルノワール _平易化.xlsx
海士町中央図書館,0,r_01_海士町中央図書館_平易化.xlsx,r_02_海士町中央図書館_平易化.xlsx
薔薇戦争,2,r_01_薔薇戦争_平易化.xlsx,r_02_薔薇戦争_平易化.xlsx
冬の蠅,9,r_01_冬の蠅_平易化.xlsx,r_02_冬の蠅_平易化.xlsx
摩擦,4,r_01_摩擦_平易化.xlsx,r_02_摩擦_平易化.xlsx
ハーバート・ヘンリー・アスキス,2,r_01_ハーバート・ヘンリー・アスキス_平易化.xlsx,r_02_ハーバート・ヘンリー・アスキス_平易化.xlsx
ドイツ共産党,3,r_01_ドイツ共産党_平易化.xlsx,r_02_ドイツ共産党_平易化.xlsx
北海道中央バス,6,r_01_北海道中央バス_平易化.xlsx,r_02_北海道中央バス_平易化.xlsx
笠間電気,5,r_01_笠間電気_平易化.xlsx,r_02_笠間電気_平易化.xlsx
京都・大阪連続強盗殺人事件,3,r_01_京都・大阪連続強盗殺人事件_平易化.xlsx,r_02_京都・大阪連続強盗殺人事件_平易化.xlsx
川端道喜,5,r_01_川端道喜_平易化.xlsx,r_02_川端道喜_平易化.xlsx
アブドゥルマリク,2,r_01_アブドゥルマリク_平易化.xlsx,r_02_アブドゥルマリク_平易化.xlsx
コロンビアにおけるカバ,4,r_01_コロンビアにおけるカバ_平易化.xlsx,r_02_コロンビアにおけるカバ_平易化.xlsx
レオポルド2世 (ベルギー王),2,r_01_レオポルド2世 (ベルギー王)_平易化.xlsx,r_02_レオポルド2世 (ベルギー王)_平易化.xlsx
東大寺の仏像,7,r_01_東大寺の仏像_平易化.xlsx,r_02_東大寺の仏像_平易化.xlsx
ソリクン,7,r_01_ソリクン_平易化.xlsx,r_02_ソリクン_平易化.xlsx
ブルガリア公国,2,r_01_ブルガリア公国_平易化.xlsx,r_02_ブルガリア公国_平易化.xlsx
高橋峯吉,2,r_01_高橋峯吉_平易化.xlsx,r_02_高橋峯吉_平易化.xlsx
Signalize!/カレンダーガール,7,r_01_Signalize!_カレンダーガール‎_平易化.xlsx,r_02_Signalize!_カレンダーガール‎_平易化.xlsx
粘着式鉄道,5,r_01_粘着式鉄道_平易化.xlsx,r_02_粘着式鉄道_平易化.xlsx
貴族 (中国),2,s_01_貴族 (中国)_平易化.xlsx,s_02_貴族 (中国).xlsx
ウエスト・ハイランド・ホワイト・テリア,4,r_01_ウエスト・ハイランド・ホワイト・テリア_平易化.xlsx,r_02_ウエスト・ハイランド・ホワイト・テリア_平易化.xlsx
二胚動物,4,r_01_二胚動物_平易化.xlsx,r_02_二胚動物_平易化.xlsx
オットー・フォン・ビスマルク,2,r_01_オットー・フォン・ビスマルク_平易化.xlsx,r_02_オットー・フォン・ビスマルク_平易化.xlsx
コーヒーの歴史,3,r_01_コーヒーの歴史_平易化.xlsx,r_02_コーヒーの歴史_平易化.xlsx
刃物を持たない運動,3,r_01_刃物を持たない運動_平易化.xlsx,r_02_刃物を持たない運動_平易化.xlsx
ハイチ革命,2,r_01_ハイチ革命_平易化.xlsx,r_02_ハイチ革命_平易化.xlsx
神岡水電,5,r_01_神岡水電_平易化.xlsx,r_02_神岡水電_平易化.xlsx
アポロ17号,5,r_01_アポロ17号_平易化.xlsx,r_02_アポロ17号_平易化.xlsx
やぐら,2,r_01_やぐら_平易化.xlsx,r_02_やぐら_平易化.xlsx
ギーラーン共和国,2,r_01_ギーラーン共和国_平易化.xlsx,r_02_ギーラーン共和国_平易化.xlsx
逆川 (水戸市),2,r_01_逆川 (水戸市)_平易化.xlsx,r_02_逆川 (水戸市)_平易化.xlsx
東大寺献物帳,7,r_01_東大寺献物帳_平易化.xlsx,r_02_東大寺献物帳_平易化.xlsx
線形多自由度系の振動,4,r_01_線形多自由度系の振動_平易化.xlsx,r_02_線形多自由度系の振動_平易化.xlsx
カール・グスタフ・エミール・マンネルヘイム,2,r_01_カール・グスタフ・エミール・マンネルヘイム_平易化.xlsx,r_02_カール・グスタフ・エミール・マンネルヘイム_平易化.xlsx
海辺の生と死 (映画),7,r_01_海辺の生と死 (映画)_平易化.xlsx,r_02_海辺の生と死 (映画)_平易化.xlsx
弦楽のためのレクイエム,7,r_01_弦楽のためのレクイエム_平易化.xlsx,r_02_弦楽のためのレクイエム_平易化.xlsx
中国の書道史,7,r_01_中国の書道史_平易化.xlsx,r_02_中国の書道史_平易化.xlsx
朝鮮民主主義人民共和国の鉱業,5,r_01_朝鮮民主主義人民共和国の鉱業_平易化.xlsx,r_02_朝鮮民主主義人民共和国の鉱業_平易化.xlsx
箱根登山バス,6,r_01_箱根登山バス_平易化.xlsx,r_02_箱根登山バス_平易化.xlsx
中国回教協会,1,r_01_中国回教協会_平易化.xlsx,r_02_中国回教協会_平易化.xlsx
サンルームにて,7,r_01_サンルームにて_平易化.xlsx,r_02_サンルームにて_平易化.xlsx
ピョートル1世 (ロシア皇帝),2,r_01_ピョートル1世 (ロシア皇帝)_平易化.xlsx,r_02_ピョートル1世 (ロシア皇帝)_平易化.xlsx
西武30000系電車,5,r_01_西武30000系電車_平易化.xlsx,r_02_西武30000系電車_平易化.xlsx
合同電気,5,r_01_合同電気_平易化.xlsx,r_02_合同電気_平易化.xlsx
中ソ紛争,2,r_01_中ソ紛争_平易化.xlsx,r_02_中ソ紛争_平易化.xlsx
第五青函丸,5,r_01_第五青函丸_平易化.xlsx,r_02_第五青函丸_平易化.xlsx
インドの地理,2,r_01_インドの地理_平易化.xlsx,r_02_インドの地理_平易化.xlsx
ニコライ2世 (ロシア皇帝),2,r_01_ニコライ2世 (ロシア皇帝)_平易化.xlsx,r_02_ニコライ2世 (ロシア皇帝)_平易化.xlsx
土佐のほっぱん,4,r_01_土佐のほっぱん_平易化.xlsx,r_02_土佐のほっぱん_平易化.xlsx
オキナワ移住地,2,r_01_オキナワ移住地_平易化.xlsx,r_02_オキナワ移住地_平易化.xlsx
全日空横浜サッカークラブ・ボイコット事件,7,r_01_全日空横浜サッカークラブ・ボイコット事件_平易化.xlsx,r_02_全日空横浜サッカークラブ・ボイコット事件_平易化.xlsx
即位灌頂,1,r_01_即位灌頂_平易化.xlsx,r_02_即位灌頂_平易化.xlsx
小田急50000形電車,5,r_01_小田急50000形電車_平易化.xlsx,r_02_小田急50000形電車_平易化.xlsx
ヘルムート・カール・ベルンハルト・フォン・モルトケ,2,r_01_ヘルムート・カール・ベルンハルト・フォン・モルトケ_平易化.xlsx,r_02_ヘルムート・カール・ベルンハルト・フォン・モルトケ_平易化.xlsx
光復香港、時代革命,3,r_01_光復香港、時代革命_平易化.xlsx,r_02_光復香港、時代革命_平易化.xlsx
自己愛性パーソナリティ障害,4,r_01_自己愛性パーソナリティ障害_平易化.xlsx,r_02_自己愛性パーソナリティ障害_平易化.xlsx
ボリビアの歴史,2,r_01_ボリビアの歴史_平易化.xlsx,r_02_ボリビアの歴史_平易化.xlsx
華僑虐殺事件 (バタヴィア),2,r_01_華僑虐殺事件 (バタヴィア)_平易化.xlsx,r_02_華僑虐殺事件 (バタヴィア)_平易化.xlsx
ピョウタンの滝,2,r_01_ピョウタンの滝_平易化.xlsx,r_02_ピョウタンの滝_平易化.xlsx
禅林墨跡,7,r_01_禅林墨跡_平易化.xlsx,r_02_禅林墨跡_平易化.xlsx
中国の科学技術史,5,r_01_中国の科学技術史_平易化.xlsx,r_02_中国の科学技術史_平易化.xlsx
OMORI,7,r_01_OMORI_平易化.xlsx,r_02_OMORI_平易化.xlsx
小樽あんかけ焼そば,5,r_01_小樽あんかけ焼そば_平易化.xlsx,r_02_小樽あんかけ焼そば_平易化.xlsx
ラージクマール・ラーオ,7,r_01_ラージクマール・ラーオ_平易化.xlsx,r_02_ラージクマール・ラーオ_平易化.xlsx
測雨器,4,r_01_測雨器_平易化.xlsx,r_02_測雨器_平易化.xlsx
石岡第一発電所,5,r_01_石岡第一発電所_平易化.xlsx,r_02_石岡第一発電所_平易化.xlsx
高輪芳子,7,r_01_高輪芳子_平易化.xlsx,r_02_高輪芳子_平易化.xlsx
ジョージ・ジャーメイン (初代サックヴィル子爵),2,r_01_ジョージ・ジャーメイン (初代サックヴィル子爵)_平易化.xlsx,r_02_ジョージ・ジャーメイン (初代サックヴィル子爵)_平易化.xlsx
ボンバルディア CRJ,5,r_01_ボンバルディア CRJ_平易化.xlsx,r_02_ボンバルディア CRJ_平易化.xlsx
坊津町泊,2,r_01_坊津町泊_平易化.xlsx,r_02_坊津町泊_平易化.xlsx
宇宙ステーション補給機,5,r_01_宇宙ステーション補給機_平易化.xlsx,r_02_宇宙ステーション補給機_平易化.xlsx
伊計島,2,r_01_伊計島_平易化.xlsx,r_02_伊計島_平易化.xlsx
中華民国総統,3,r_01_中華民国総統_平易化.xlsx,r_02_中華民国総統_平易化.xlsx
ボビー・ロブソン,7,r_01_ボビー・ロブソン_平易化.xlsx,r_02_ボビー・ロブソン_平易化.xlsx
鷹峯,2,r_01_鷹峯_平易化.xlsx,r_02_鷹峯_平易化.xlsx
イギリス領インド帝国,2,r_01_イギリス領インド帝国_平易化.xlsx,r_02_イギリス領インド帝国_平易化.xlsx
白血病,4,s_01_白血病_平易化.xlsx,s_02_白血病_平易化.xlsx
横須賀空襲,2,r_01_横須賀空襲_平易化.xlsx,r_02_横須賀空襲_平易化.xlsx
フェイ・ヴィンセント,7,r_01_フェイ・ヴィンセント_平易化.xlsx,r_02_フェイ・ヴィンセント_平易化.xlsx
柏の少女殺し事件,3,r_01_柏の少女殺し事件_平易化.xlsx,r_02_柏の少女殺し事件_平易化.xlsx
ニューモシスチス・イロベチイ,4,r_01_ニューモシスチス・イロベチイ_平易化.xlsx,r_02_ニューモシスチス・イロベチイ_平易化.xlsx
狐の嫁入り,3,r_01_狐の嫁入り_平易化.xlsx,r_02_狐の嫁入り_平易化.xlsx
エストニアとロシアの領有権問題,3,r_01_エストニアとロシアの領有権問題_平易化.xlsx,r_02_エストニアとロシアの領有権問題_平易化.xlsx
惑星の定義,4,r_01_惑星の定義_平易化.xlsx,r_02_惑星の定義_平易化.xlsx
ユナニ医学,4,r_01_ユナニ医学_平易化.xlsx,r_02_ユナニ医学_平易化.xlsx
呉鳳,2,r_01_呉鳳_平易化.xlsx,r_02_呉鳳_平易化.xlsx
日本の染織工芸,7,r_01_日本の染織工芸_平易化.xlsx,r_02_日本の染織工芸_平易化.xlsx
モンゴルの神聖ローマ帝国侵攻,2,r_01_モンゴルの神聖ローマ帝国侵攻_平易化.xlsx,r_02_モンゴルの神聖ローマ帝国侵攻_平易化.xlsx
飯能戦争,2,r_01_飯能戦争_平易化.xlsx,r_02_飯能戦争_平易化.xlsx
アッティラ,2,r_01_アッティラ_平易化.xlsx,r_02_アッティラ_平易化.xlsx
余部橋梁,5,s_01_余部橋梁_平易化.xlsx,s_02_余部橋梁.xlsx
小百合葉子,7,r_01_小百合葉子_平易化.xlsx,r_02_小百合葉子_平易化.xlsx
松江騒擾事件,2,s_01_松江騒擾事件_平易化.xlsx,s_02_松江騒擾事件.xlsx
ムハンマド2世 (ナスル朝),2,r_01_ムハンマド2世 (ナスル朝)_平易化.xlsx,r_02_ムハンマド2世 (ナスル朝)_平易化.xlsx
化け猫,3,r_01_化け猫_平易化.xlsx,r_02_化け猫_平易化.xlsx
ディートリヒ・ブクステフーデ,7,s_01_ディートリヒ・ブクステフーデ_平易化.xlsx,s_02_ディートリヒ・ブクステフーデ_平易化.xlsx
サッカー戦争,2,r_01_サッカー戦争_平易化.xlsx,r_02_サッカー戦争_平易化.xlsx
桜島の大正大噴火,4,r_01_桜島の大正大噴火_平易化.xlsx,r_02_桜島の大正大噴火_平易化.xlsx
中山トンネル (上越新幹線),5,s_01_中山トンネル (上越新幹線)_平易化.xlsx,s_02_中山トンネル (上越新幹線).xlsx
因島,2,r_01_因島_平易化.xlsx,r_02_因島_平易化.xlsx
スロベニアの歴史,2,r_01_スロベニアの歴史_平易化.xlsx,r_02_スロベニアの歴史_平易化.xlsx
ナカプリバイン,5,r_01_ナカプリバイン_平易化.xlsx,r_02_ナカプリバイン_平易化.xlsx
佐久間ダム,5,s_01_佐久間ダム_平易化.xlsx,s_02_佐久間ダム.xlsx
蓬萊社,6,r_01_蓬萊社_平易化.xlsx,r_02_蓬萊社_平易化.xlsx
大論争 (天文学),4,r_01_大論争 (天文学)_平易化.xlsx,r_02_大論争 (天文学)_平易化.xlsx
ダ埼玉,8,r_01_ダ埼玉_平易化.xlsx,r_02_ダ埼玉_平易化.xlsx
天津司舞,3,r_01_天津司舞_平易化.xlsx,r_02_天津司舞_平易化.xlsx
栃木県立特別支援学校宇都宮青葉高等学園,3,r_01_栃木県立特別支援学校宇都宮青葉高等学園_平易化.xlsx,r_02_栃木県立特別支援学校宇都宮青葉高等学園_平易化.xlsx
弘前大教授夫人殺し事件,3,r_01_弘前大教授夫人殺し事件_平易化.xlsx,r_02_弘前大教授夫人殺し事件_平易化.xlsx
松橋事件,3,r_01_松橋事件_平易化.xlsx,r_02_松橋事件_平易化.xlsx
ビアトリクス・ポター,9,r_01_ビアトリクス・ポター_平易化.xlsx,r_02_ビアトリクス・ポター_平易化.xlsx
ハッブル・ディープ・フィールド,4,r_01_ハッブル・ディープ・フィールド_平易化.xlsx,r_02_ハッブル・ディープ・フィールド_平易化.xlsx
エドゥアール・マネ,7,s_01_エドゥアール・マネ_平易化.xlsx,s_02_エドゥアール・マネ_平易化.xlsx
蓮華寺 (京都市左京区),1,r_01_蓮華寺 (京都市左京区)_平易化.xlsx,r_02_蓮華寺 (京都市左京区)_平易化.xlsx
ロシアの農奴制,3,r_01_ロシアの農奴制_平易化.xlsx,r_02_ロシアの農奴制_平易化.xlsx
海 (ドビュッシー),7,r_01_海 (ドビュッシー)_平易化.xlsx,r_02_海 (ドビュッシー)_平易化.xlsx
イブン・バットゥータ,2,r_01_イブン・バットゥータ_平易化.xlsx,r_02_イブン・バットゥータ_平易化.xlsx
中国の貨幣制度史,3,r_01_中国の貨幣制度史_平易化.xlsx,r_02_中国の貨幣制度史_平易化.xlsx
現生人類の拡散,4,r_01_現生人類の拡散_平易化.xlsx,r_02_現生人類の拡散_平易化.xlsx
サラエボ事件,2,r_01_サラエボ事件_平易化.xlsx,r_02_サラエボ事件_平易化.xlsx
ギリシャの戦い,2,r_01_ギリシャの戦い_平易化.xlsx,r_02_ギリシャの戦い_平易化.xlsx
オウム,4,r_01_オウム_平易化.xlsx,r_02_オウム_平易化.xlsx
ムカシトカゲ,4,r_01_ムカシトカゲ_平易化.xlsx,r_02_ムカシトカゲ_平易化.xlsx
アイヌ料理,5,r_01_アイヌ料理_平易化.xlsx,r_02_アイヌ料理_平易化.xlsx
ジャーマンフラッツへの攻撃,2,r_01_ジャーマンフラッツへの攻撃_平易化.xlsx,r_02_ジャーマンフラッツへの攻撃_平易化.xlsx
オセロ (ボードゲーム),7,r_01_オセロ (ボードゲーム)_平易化.xlsx,r_02_オセロ (ボードゲーム)_平易化.xlsx
パーヴォ・ヌルミ,7,r_01_パーヴォ・ヌルミ_平易化.xlsx,r_02_パーヴォ・ヌルミ_平易化.xlsx
行田足袋,5,r_01_行田足袋_平易化.xlsx,r_02_行田足袋_平易化.xlsx
ポリオウイルス,4,r_01_ポリオウイルス_平易化.xlsx,r_02_ポリオウイルス_平易化.xlsx
ケプラー16b,4,r_01_ケプラー16b_平易化.xlsx,r_02_ケプラー16b_平易化.xlsx
中央アジアの美術,7,r_01_中央アジアの美術_平易化.xlsx,r_02_中央アジアの美術_平易化.xlsx
志摩町片田,2,r_01_志摩町片田_平易化.xlsx,r_02_志摩町片田_平易化.xlsx
少年保護手続,3,s_01_少年保護手続_平易化.xlsx,s_02_少年保護手続.xlsx
川端康成,9,r_01_川端康成_平易化.xlsx,r_02_川端康成_平易化.xlsx
バスク地方,2,r_01_バスク地方_平易化.xlsx,r_02_バスク地方_平易化.xlsx
ガボン航空惨事,5,r_01_ガボン航空惨事_平易化.xlsx,r_02_ガボン航空惨事_平易化.xlsx
カレーショップ志み津,6,r_01_カレーショップ志み津_平易化.xlsx,r_02_カレーショップ志み津_平易化.xlsx
吾妻鏡,2,r_01_吾妻鏡_平易化.xlsx,r_02_吾妻鏡_平易化.xlsx
巣守,9,r_01_巣守_平易化.xlsx,r_02_巣守_平易化.xlsx
カリフォルニアワイン,5,r_01_カリフォルニアワイン_平易化.xlsx,r_02_カリフォルニアワイン_平易化.xlsx
ラッコの保護活動,4,r_01_ラッコの保護活動_平易化.xlsx,r_02_ラッコの保護活動_平易化.xlsx
吉田の火祭,3,r_01_吉田の火祭_平易化.xlsx,r_02_吉田の火祭_平易化.xlsx
木内綾,7,r_01_木内綾_平易化.xlsx,r_02_木内綾_平易化.xlsx
ポーランド・ロシア戦争 (1792年),2,r_01_ポーランド・ロシア戦争 (1792年)_平易化.xlsx,r_02_ポーランド・ロシア戦争 (1792年)_平易化.xlsx
サフランの取引と利用,6,r_01_サフランの取引と利用_平易化.xlsx,r_02_サフランの取引と利用_平易化.xlsx
トキ,4,r_01_トキ_平易化.xlsx,r_02_トキ_平易化.xlsx
マラッカ海峡,2,r_01_マラッカ海峡_平易化.xlsx,r_02_マラッカ海峡_平易化.xlsx
長崎電気瓦斯,5,r_01_長崎電気瓦斯_平易化.xlsx,r_02_長崎電気瓦斯_平易化.xlsx
ブリストル・バス・ボイコット事件,3,r_01_ブリストル・バス・ボイコット事件_平易化.xlsx,r_02_ブリストル・バス・ボイコット事件_平易化.xlsx
フランツ・カフカ,9,r_01_フランツ・カフカ_平易化.xlsx,r_02_フランツ・カフカ_平易化.xlsx
日本海電気,5,r_01_日本海電気_平易化.xlsx,r_02_日本海電気_平易化.xlsx
不思議の国のアリスの挿絵,7,r_01_不思議の国のアリスの挿絵_平易化.xlsx,r_02_不思議の国のアリスの挿絵_平易化.xlsx
坊津町秋目,2,r_01_坊津町秋目_平易化.xlsx,r_02_坊津町秋目_平易化.xlsx
中国の絵画,7,r_01_中国の絵画_平易化.xlsx,r_02_中国の絵画_平易化.xlsx
飯田市立図書館,0,r_01_飯田市立図書館_平易化.xlsx,r_02_飯田市立図書館_平易化.xlsx
強制収容所 (ナチス),2,r_01_強制収容所 (ナチス)_平易化.xlsx,r_02_強制収容所 (ナチス)_平易化.xlsx
無害通航,3,r_01_無害通航_平易化.xlsx,r_02_無害通航_平易化.xlsx
九十九王子 (田辺市本宮町),1,r_01_九十九王子 (田辺市本宮町)_平易化.xlsx,r_02_九十九王子 (田辺市本宮町)_平易化.xlsx
辰口信夫,2,r_01_辰口信夫_平易化.xlsx,r_02_辰口信夫_平易化.xlsx
ルーム・セルジューク朝,2,r_01_ルーム・セルジューク朝_平易化.xlsx,r_02_ルーム・セルジューク朝_平易化.xlsx
英西戦争 (1727年-1729年),2,r_01_英西戦争 (1727年-1729年)_平易化.xlsx,r_02_英西戦争 (1727年-1729年)_平易化.xlsx
ホッローケー,2,r_01_ホッローケー_平易化.xlsx,r_02_ホッローケー_平易化.xlsx
メタゲノミクス,4,r_01_メタゲノミクス_平易化.xlsx,r_02_メタゲノミクス_平易化.xlsx
クサヴェラ・レーメ,2,r_01_クサヴェラ・レーメ_平易化.xlsx,r_02_クサヴェラ・レーメ_平易化.xlsx
写真花嫁,2,r_01_写真花嫁_平易化.xlsx,r_02_写真花嫁_平易化.xlsx
神威 (水上機母艦),5,r_01_神威 (水上機母艦)_平易化.xlsx,r_02_神威 (水上機母艦)_平易化.xlsx
横須賀海軍施設ドック,5,s_01_横須賀海軍施設ドック_平易化.xlsx,s_02_横須賀海軍施設ドック.xlsx
馬王堆漢墓,2,r_01_馬王堆漢墓_平易化.xlsx,r_02_馬王堆漢墓_平易化.xlsx
皇居の生物相,4,r_01_皇居の生物相_平易化.xlsx,r_02_皇居の生物相_平易化.xlsx
酸素,4,r_01_酸素_平易化.xlsx,r_02_酸素_平易化.xlsx
扇面法華経冊子,1,r_01_扇面法華経冊子_平易化.xlsx,r_02_扇面法華経冊子_平易化.xlsx
騎士戦争,2,r_01_騎士戦争_平易化.xlsx,r_02_騎士戦争_平易化.xlsx
ウィリアム・キャヴェンディッシュ (第4代デヴォンシャー公爵),2,r_01_ウィリアム・キャヴェンディッシュ (第4代デヴォンシャー公爵)_平易化.xlsx,r_02_ウィリアム・キャヴェンディッシュ (第4代デヴォンシャー公爵)_平易化.xlsx
テイルズ オブ ザ テンペスト,7,r_01_テイルズ オブ ザ テンペスト_平易化.xlsx,r_02_テイルズ オブ ザ テンペスト_平易化.xlsx
ワラキア,2,r_01_ワラキア_平易化.xlsx,r_02_ワラキア_平易化.xlsx
イチョウ,4,r_01_イチョウ_平易化.xlsx,r_02_イチョウ_平易化.xlsx
ファラオ,2,r_01_ファラオ_平易化.xlsx,r_02_ファラオ_平易化.xlsx
ヨハン・サンタナ,7,r_01_ヨハン・サンタナ_平易化.xlsx,r_02_ヨハン・サンタナ_平易化.xlsx
フィンセント・ファン・ゴッホ,7,s_01_フィンセント・ファン・ゴッホ_平易化.xlsx,s_02_フィンセント・ファン・ゴッホ_平易化.xlsx
薤露行,9,r_01_薤露行_平易化.xlsx,r_02_薤露行_平易化.xlsx
正田篠枝,9,r_01_正田篠枝_平易化.xlsx,r_02_正田篠枝_平易化.xlsx
アルゼンチンワイン,5,r_01_アルゼンチンワイン_平易化.xlsx,r_02_アルゼンチンワイン_平易化.xlsx
ロイヒ,4,r_01_ロイヒ_平易化.xlsx,r_02_ロイヒ_平易化.xlsx
日立鉱山の鉱害問題,5,r_01_日立鉱山の鉱害問題_平易化.xlsx,r_02_日立鉱山の鉱害問題_平易化.xlsx
フェルディナント・ラッサール,2,r_01_フェルディナント・ラッサール_平易化.xlsx,r_02_フェルディナント・ラッサール_平易化.xlsx
富山市立奥田中学校いじめ自殺事件,3,r_01_富山市立奥田中学校いじめ自殺事件_平易化.xlsx,r_02_富山市立奥田中学校いじめ自殺事件_平易化.xlsx
補助人工心臓,4,r_01_補助人工心臓_平易化.xlsx,r_02_補助人工心臓_平易化.xlsx
毛皮のマリー,9,r_01_毛皮のマリー_平易化.xlsx,r_02_毛皮のマリー_平易化.xlsx
藻岩山,2,r_01_藻岩山_平易化.xlsx,r_02_藻岩山_平易化.xlsx
東入植地,2,r_01_東入植地_平易化.xlsx,r_02_東入植地_平易化.xlsx
834.194,7,s_01_834.194_平易化.xlsx,s_02_834.194_平易化.xlsx
汪兆銘,2,r_01_汪兆銘_平易化.xlsx,r_02_汪兆銘_平易化.xlsx
コンスタンティノープルの城壁,2,r_01_コンスタンティノープルの城壁_平易化.xlsx,r_02_コンスタンティノープルの城壁_平易化.xlsx
アメリカン航空191便墜落事故,5,r_01_アメリカン航空191便墜落事故_平易化.xlsx,r_02_アメリカン航空191便墜落事故_平易化.xlsx
名古屋第二環状自動車道,5,r_01_名古屋第二環状自動車道_平易化.xlsx,r_02_名古屋第二環状自動車道_平易化.xlsx
フクロウ,4,r_01_フクロウ_平易化.xlsx,r_02_フクロウ_平易化.xlsx
スクールカースト,3,r_01_スクールカースト_平易化.xlsx,r_02_スクールカースト_平易化.xlsx
グルジア問題,2,r_01_グルジア問題_平易化.xlsx,r_02_グルジア問題_平易化.xlsx
重ね板ばね,5,r_01_重ね板ばね_平易化.xlsx,r_02_重ね板ばね_平易化.xlsx
析出硬化系ステンレス鋼,5,r_01_析出硬化系ステンレス鋼_平易化.xlsx,r_02_析出硬化系ステンレス鋼_平易化.xlsx
臍帯血,4,r_01_臍帯血_平易化.xlsx,r_02_臍帯血_平易化.xlsx
セラム,4,r_01_セラム_平易化.xlsx,r_02_セラム_平易化.xlsx
オグリキャップ,7,s_01_オグリキャップ_平易化.xlsx,s_02_オグリキャップ_平易化.xlsx
杉原紙,5,r_01_杉原紙_平易化.xlsx,r_02_杉原紙_平易化.xlsx
兵庫 (佐賀市),2,r_01_兵庫 (佐賀市)_平易化.xlsx,r_02_兵庫 (佐賀市)_平易化.xlsx
ローマ建築,5,r_01_ローマ建築_平易化.xlsx,r_02_ローマ建築_平易化.xlsx
サウスウエスト航空,6,r_01_サウスウエスト航空_平易化.xlsx,r_02_サウスウエスト航空_平易化.xlsx
Summer Madness (三代目J Soul Brothers from EXILE TRIBEの曲),7,r_01_Summer Madness (三代目J Soul Brothers from EXILE TRIBEの曲)_平易化.xlsx,r_02_Summer Madness (三代目J Soul Brothers from EXILE TRIBEの曲)_平易化.xlsx
山下事件,3,r_01_山下事件_平易化.xlsx,r_02_山下事件_平易化.xlsx
サラエヴォ,2,r_01_サラエヴォ_平易化.xlsx,r_02_サラエヴォ_平易化.xlsx
島嶼性,2,r_01_島嶼性_平易化.xlsx,r_02_島嶼性_平易化.xlsx
マダガスカル島民の歌,7,r_01_マダガスカル島民の歌_平易化.xlsx,r_02_マダガスカル島民の歌_平易化.xlsx
メジロブライト,7,r_01_メジロブライト_平易化.xlsx,r_02_メジロブライト_平易化.xlsx
トルダの勅令,2,r_01_トルダの勅令_平易化.xlsx,r_02_トルダの勅令_平易化.xlsx
日本のダムの歴史,5,r_01_日本のダムの歴史_平易化.xlsx,r_02_日本のダムの歴史_平易化.xlsx
エストニアの独立回復,2,r_01_エストニアの独立回復_平易化.xlsx,r_02_エストニアの独立回復_平易化.xlsx
熊本市交通局0800形電車,5,r_01_熊本市交通局0800形電車_平易化.xlsx,r_02_熊本市交通局0800形電車_平易化.xlsx
名鉄3800系電車,5,r_01_名鉄3800系電車_平易化.xlsx,r_02_名鉄3800系電車_平易化.xlsx
アンコウ目,4,r_01_アンコウ目_平易化.xlsx,r_02_アンコウ目_平易化.xlsx
熊野別当,2,r_01_熊野別当_平易化.xlsx,r_02_熊野別当_平易化.xlsx
ヒサトモ,7,r_01_ヒサトモ_平易化.xlsx,r_02_ヒサトモ_平易化.xlsx
中国の女性史,2,s_01_中国の女性史_平易化.xlsx,s_02_中国の女性史.xlsx
エアバスA340,5,s_01_エアバスA340_平易化.xlsx,s_02_エアバスA340_平易化.xlsx
バルト諸国占領,2,r_01_バルト諸国占領_平易化.xlsx,r_02_バルト諸国占領_平易化.xlsx
丸山ダム,5,r_01_丸山ダム_平易化.xlsx,r_02_丸山ダム_平易化.xlsx
熊野三山本願所,2,s_01_熊野三山本願所_平易化.xlsx,s_02_熊野三山本願所.xlsx
アルプ・シュニットガー,7,r_01_アルプ・シュニットガー_平易化.xlsx,r_02_アルプ・シュニットガー_平易化.xlsx
2019年6月9日香港逃亡犯条例改正案反対デモ,3,r_01_2019年6月9日香港逃亡犯条例改正案反対デモ_平易化.xlsx,r_02_2019年6月9日香港逃亡犯条例改正案反対デモ_平易化.xlsx
成田空港予定地の代執行,2,r_01_成田空港予定地の代執行_平易化.xlsx,r_02_成田空港予定地の代執行_平易化.xlsx
千波湖,2,r_01_千波湖_平易化.xlsx,r_02_千波湖_平易化.xlsx
男木島,2,r_01_男木島_平易化.xlsx,r_02_男木島_平易化.xlsx
断続平衡説,4,r_01_断続平衡説_平易化.xlsx,r_02_断続平衡説_平易化.xlsx
備崎経塚,1,r_01_備崎経塚_平易化.xlsx,r_02_備崎経塚_平易化.xlsx
イェーガン,2,r_01_イェーガン_平易化.xlsx,r_02_イェーガン_平易化.xlsx
飛騨市図書館,0,r_01_飛騨市図書館_平易化.xlsx,r_02_飛騨市図書館_平易化.xlsx
相生橋,2,r_01_相生橋_平易化.xlsx,r_02_相生橋_平易化.xlsx
ガリウム,4,r_01_ガリウム_平易化.xlsx,r_02_ガリウム_平易化.xlsx
桂・ハリマン協定,2,r_01_桂・ハリマン協定_平易化.xlsx,r_02_桂・ハリマン協定_平易化.xlsx
ユーゴスラビア社会主義連邦共和国,2,r_01_ユーゴスラビア社会主義連邦共和国_平易化.xlsx,r_02_ユーゴスラビア社会主義連邦共和国_平易化.xlsx
アメリカ合衆国の独立,2,r_01_アメリカ合衆国の独立_平易化.xlsx,r_02_アメリカ合衆国の独立_平易化.xlsx
イスラム美術,7,r_01_イスラム美術_平易化.xlsx,r_02_イスラム美術_平易化.xlsx
大明東町,2,r_01_大明東町_平易化.xlsx,r_02_大明東町_平易化.xlsx
鉱床学,5,r_01_鉱床学_平易化.xlsx,r_02_鉱床学_平易化.xlsx
関西私鉄の電力供給事業,5,r_01_関西私鉄の電力供給事業_平易化.xlsx,r_02_関西私鉄の電力供給事業_平易化.xlsx
マダガスカル,2,r_01_マダガスカル_平易化.xlsx,r_02_マダガスカル_平易化.xlsx
カラハン朝,2,r_01_カラハン朝_平易化.xlsx,r_02_カラハン朝_平易化.xlsx
海士町,2,r_01_海士町_平易化.xlsx,r_02_海士町_平易化.xlsx
イルカ追い込み漁,6,r_01_イルカ追い込み漁_平易化.xlsx,r_02_イルカ追い込み漁_平易化.xlsx
ハワイの歴史,2,s_01_ハワイの歴史_平易化.xlsx,s_02_ハワイの歴史_平易化.xlsx
岡田健蔵,2,r_01_岡田健蔵_平易化.xlsx,r_02_岡田健蔵_平易化.xlsx
ガーター勲章,3,r_01_ガーター勲章_平易化.xlsx,r_02_ガーター勲章_平易化.xlsx
ばらずし (丹後地方),5,r_01_ばらずし (丹後地方)_平易化.xlsx,r_02_ばらずし (丹後地方)_平易化.xlsx
縞状鉄鉱床,4,r_01_縞状鉄鉱床_平易化.xlsx,r_02_縞状鉄鉱床_平易化.xlsx
アルマダの海戦,2,r_01_アルマダの海戦_平易化.xlsx,r_02_アルマダの海戦_平易化.xlsx
ユナイテッド航空232便不時着事故,6,s_01_ユナイテッド航空232便不時着事故_平易化.xlsx,s_02_ユナイテッド航空232便不時着事故.xlsx
牛乳を注ぐ女,7,r_01_牛乳を注ぐ女_平易化.xlsx,r_02_牛乳を注ぐ女_平易化.xlsx
スコッチ・ウイスキー,5,s_01_スコッチ・ウイスキー_平易化.xlsx,s_02_スコッチ・ウイスキー_平易化.xlsx
エアバスA318,5,r_01_エアバスA318_平易化.xlsx,r_02_エアバスA318_平易化.xlsx
アルディ (アルディピテクス),4,r_01_アルディ (アルディピテクス)_平易化.xlsx,r_02_アルディ (アルディピテクス)_平易化.xlsx
ラバウル空襲,2,r_01_ラバウル空襲_平易化.xlsx,r_02_ラバウル空襲_平易化.xlsx
河辺飛行場,3,r_01_河辺飛行場_平易化.xlsx,r_02_河辺飛行場_平易化.xlsx
バーレーンの真珠採取業,6,r_01_バーレーンの真珠採取業_平易化.xlsx,r_02_バーレーンの真珠採取業_平易化.xlsx
地方病 (日本住血吸虫症),4,s_01_地方病 (日本住血吸虫症)_平易化.xlsx,s_02_地方病 (日本住血吸虫症).xlsx
ツキヨタケ,4,r_01_ツキヨタケ_平易化.xlsx,r_02_ツキヨタケ_平易化.xlsx
日立鉱山,5,r_01_日立鉱山_平易化.xlsx,r_02_日立鉱山_平易化.xlsx
網野神社,1,r_01_網野神社_平易化.xlsx,r_02_網野神社_平易化.xlsx
男の娘,3,s_01_男の娘_平易化.xlsx,s_02_男の娘.xlsx
アイユーブ朝,2,r_01_アイユーブ朝_平易化.xlsx,r_02_アイユーブ朝_平易化.xlsx
ロジスティック写像,4,s_01_ロジスティック写像_平易化.xlsx,s_02_ロジスティック写像.xlsx
賄征伐,3,r_01_賄征伐_平易化.xlsx,r_02_賄征伐_平易化.xlsx
1888年の磐梯山噴火,4,r_01_1888年の磐梯山噴火_平易化.xlsx,r_02_1888年の磐梯山噴火_平易化.xlsx
コンスタンティノープル包囲戦 (674年-678年) ,2,r_01_コンスタンティノープル包囲戦 (674年-678年) _平易化.xlsx,r_02_コンスタンティノープル包囲戦 (674年-678年) _平易化.xlsx
アラー・ウッディーン・ハルジー,2,r_01_アラー・ウッディーン・ハルジー_平易化.xlsx,r_02_アラー・ウッディーン・ハルジー_平易化.xlsx
近江鉄道本線,6,r_01_近江鉄道本線_平易化.xlsx,r_02_近江鉄道本線_平易化.xlsx
梓川電力,5,r_01_梓川電力_平易化.xlsx,r_02_梓川電力_平易化.xlsx
ブダペストのドナウ河岸とブダ城地区およびアンドラーシ通り,7,r_01_ブダペストのドナウ河岸とブダ城地区およびアンドラーシ通り_平易化.xlsx,r_02_ブダペストのドナウ河岸とブダ城地区およびアンドラーシ通り_平易化.xlsx
オーステナイト・フェライト系ステンレス鋼,5,r_01_オーステナイト・フェライト系ステンレス鋼_平易化.xlsx,r_02_オーステナイト・フェライト系ステンレス鋼_平易化.xlsx
太陽系,4,r_01_太陽系_平易化.xlsx,r_02_太陽系_平易化.xlsx
エアバスA300-600,5,r_01_エアバスA300-600_平易化.xlsx,r_02_エアバスA300-600_平易化.xlsx
プリエ,7,r_01_プリエ_平易化.xlsx,r_02_プリエ_平易化.xlsx
軌間,5,r_01_軌間_平易化.xlsx,r_02_軌間_平易化.xlsx
競技クイズ,7,r_01_競技クイズ_平易化.xlsx,r_02_競技クイズ_平易化.xlsx
スムマ,3,r_01_スムマ_平易化.xlsx,r_02_スムマ_平易化.xlsx
リッチモンド・K・ターナー,2,r_01_リッチモンド・K・ターナー_平易化.xlsx,r_02_リッチモンド・K・ターナー_平易化.xlsx
玩具,5,r_01_玩具_平易化.xlsx,r_02_玩具_平易化.xlsx
エドワード七世の戴冠式,7,r_01_エドワード七世の戴冠式_平易化.xlsx,r_02_エドワード七世の戴冠式_平易化.xlsx
白色矮星,4,r_01_白色矮星_平易化.xlsx,r_02_白色矮星_平易化.xlsx
全ての教皇に関する大司教聖マラキの預言,1,r_01_全ての教皇に関する大司教聖マラキの預言_平易化.xlsx,r_02_全ての教皇に関する大司教聖マラキの預言_平易化.xlsx
篠島,2,r_01_篠島_平易化.xlsx,r_02_篠島_平易化.xlsx
絹本著色後醍醐天皇御像,7,r_01_絹本著色後醍醐天皇御像_平易化.xlsx,r_02_絹本著色後醍醐天皇御像_平易化.xlsx
5つのルシャン,7,r_01_5つのルシャン_平易化.xlsx,r_02_5つのルシャン_平易化.xlsx
ジョン・ラッセル (初代ラッセル伯爵),2,r_01_ジョン・ラッセル (初代ラッセル伯爵)_平易化.xlsx,r_02_ジョン・ラッセル (初代ラッセル伯爵)_平易化.xlsx
エレウシスの秘儀,1,r_01_エレウシスの秘儀_平易化.xlsx,r_02_エレウシスの秘儀_平易化.xlsx
オーガスタス・フィッツロイ (第3代グラフトン公),2,r_01_オーガスタス・フィッツロイ (第3代グラフトン公)_平易化.xlsx,r_02_オーガスタス・フィッツロイ (第3代グラフトン公)_平易化.xlsx
焼入れ,5,r_01_焼入れ_平易化.xlsx,r_02_焼入れ_平易化.xlsx
微生物叢,4,r_01_微生物叢_平易化.xlsx,r_02_微生物叢_平易化.xlsx
女神湖,2,r_01_女神湖_平易化.xlsx,r_02_女神湖_平易化.xlsx
富岡製糸場と絹産業遺産群,6,r_01_富岡製糸場と絹産業遺産群_平易化.xlsx,r_02_富岡製糸場と絹産業遺産群_平易化.xlsx
宮中某重大事件,2,r_01_宮中某重大事件_平易化.xlsx,r_02_宮中某重大事件_平易化.xlsx
ルイーザ・メイ・オルコット,9,r_01_ルイーザ・メイ・オルコット_平易化.xlsx,r_02_ルイーザ・メイ・オルコット_平易化.xlsx
石徹白騒動,2,r_01_石徹白騒動_平易化.xlsx,r_02_石徹白騒動_平易化.xlsx
物体検出,5,r_01_物体検出_平易化.xlsx,r_02_物体検出_平易化.xlsx
還住 (青ヶ島),2,r_01_還住 (青ヶ島)_平易化.xlsx,r_02_還住 (青ヶ島)_平易化.xlsx
美幾,2,r_01_美幾_平易化.xlsx,r_02_美幾_平易化.xlsx
金鈴塚古墳,2,r_01_金鈴塚古墳_平易化.xlsx,r_02_金鈴塚古墳_平易化.xlsx
法隆寺金堂釈迦三尊像光背銘,1,r_01_法隆寺金堂釈迦三尊像光背銘_平易化.xlsx,r_02_法隆寺金堂釈迦三尊像光背銘_平易化.xlsx
ハンガリー料理,5,r_01_ハンガリー料理_平易化.xlsx,r_02_ハンガリー料理_平易化.xlsx
ラスール朝,2,r_01_ラスール朝_平易化.xlsx,r_02_ラスール朝_平易化.xlsx
おろかもの之碑,1,r_01_おろかもの之碑_平易化.xlsx,r_02_おろかもの之碑_平易化.xlsx
テサロニケの信徒への手紙二,1,r_01_テサロニケの信徒への手紙二_平易化.xlsx,r_02_テサロニケの信徒への手紙二_平易化.xlsx
重症急性呼吸器症候群,4,r_01_重症急性呼吸器症候群_平易化.xlsx,r_02_重症急性呼吸器症候群_平易化.xlsx
日本語の方言のアクセント,8,r_01_日本語の方言のアクセント_平易化.xlsx,r_02_日本語の方言のアクセント_平易化.xlsx
ティムール,2,r_01_ティムール_平易化.xlsx,r_02_ティムール_平易化.xlsx
水晶幻想,9,r_01_水晶幻想_平易化.xlsx,r_02_水晶幻想_平易化.xlsx
TEE,6,r_01_TEE_平易化.xlsx,r_02_TEE_平易化.xlsx
石野遺跡,2,r_01_石野遺跡_平易化.xlsx,r_02_石野遺跡_平易化.xlsx
湯山池,2,r_01_湯山池_平易化.xlsx,r_02_湯山池_平易化.xlsx
笹子トンネル (中央本線),5,r_01_笹子トンネル (中央本線)_平易化.xlsx,r_02_笹子トンネル (中央本線)_平易化.xlsx
キャプテン翼,7,r_01_キャプテン翼_平易化.xlsx,r_02_キャプテン翼_平易化.xlsx
仏足跡歌碑,2,r_01_仏足跡歌碑_平易化.xlsx,r_02_仏足跡歌碑_平易化.xlsx
金星の太陽面通過,4,s_01_金星の太陽面通過_平易化.xlsx,s_02_金星の太陽面通過.xlsx
門司の歴史,2,r_01_門司の歴史_平易化.xlsx,r_02_門司の歴史_平易化.xlsx
昭和電力,5,r_01_昭和電力_平易化.xlsx,r_02_昭和電力_平易化.xlsx
京都アニメーション放火殺人事件,3,r_01_京都アニメーション放火殺人事件_平易化.xlsx,r_02_京都アニメーション放火殺人事件_平易化.xlsx
ボーイング757,5,r_01_ボーイング757_平易化.xlsx,r_02_ボーイング757_平易化.xlsx
江戸の火事,2,r_01_江戸の火事_平易化.xlsx,r_02_江戸の火事_平易化.xlsx
ヒルズボロ (オレゴン州),2,r_01_ヒルズボロ (オレゴン州)_平易化.xlsx,r_02_ヒルズボロ (オレゴン州)_平易化.xlsx
ムハンマド1世 (ナスル朝),2,r_01_ムハンマド1世 (ナスル朝)_平易化.xlsx,r_02_ムハンマド1世 (ナスル朝)_平易化.xlsx
名古屋市電笹島線,6,r_01_名古屋市電笹島線_平易化.xlsx,r_02_名古屋市電笹島線_平易化.xlsx
沖大東島,2,r_01_沖大東島_平易化.xlsx,r_02_沖大東島_平易化.xlsx
鹿沼市立図書館,0,r_01_鹿沼市立図書館_平易化.xlsx,r_02_鹿沼市立図書館_平易化.xlsx
猪谷千春,7,r_01_猪谷千春_平易化.xlsx,r_02_猪谷千春_平易化.xlsx
リチャード3世の発掘と再埋葬,2,r_01_リチャード3世の発掘と再埋葬_平易化.xlsx,r_02_リチャード3世の発掘と再埋葬_平易化.xlsx
ヨハン・クライフ,7,r_01_ヨハン・クライフ_平易化.xlsx,r_02_ヨハン・クライフ_平易化.xlsx
ハリモグラ,4,r_01_ハリモグラ_平易化.xlsx,r_02_ハリモグラ_平易化.xlsx
ベニート・ムッソリーニの死,2,r_01_ベニート・ムッソリーニの死_平易化.xlsx,r_02_ベニート・ムッソリーニの死_平易化.xlsx
著作権法 (フランス),0,r_01_著作権法_(フランス)_平易化.xlsx,r_02_著作権法_(フランス)_平易化.xlsx
福山藩の辻堂,5,r_01_福山藩の辻堂_平易化.xlsx,r_02_福山藩の辻堂_平易化.xlsx
ファーティマ朝のエジプト征服,2,r_01_ファーティマ朝のエジプト征服_平易化.xlsx,r_02_ファーティマ朝のエジプト征服_平易化.xlsx
読書 (黒田清輝),7,r_01_読書 (黒田清輝)_平易化.xlsx,r_02_読書 (黒田清輝)_平易化.xlsx
赤色矮星,4,r_01_赤色矮星_平易化.xlsx,r_02_赤色矮星_平易化.xlsx
緑の革命,6,r_01_緑の革命_平易化.xlsx,r_02_緑の革命_平易化.xlsx
黄砂,4,s_01_黄砂_平易化.xlsx,s_02_黄砂.xlsx
納銭方,2,r_01_納銭方_平易化.xlsx,r_02_納銭方_平易化.xlsx
少年 (川端康成),9,r_01_少年 (川端康成)_平易化.xlsx,r_02_少年 (川端康成)_平易化.xlsx
子持山,2,r_01_子持山_平易化.xlsx,r_02_子持山_平易化.xlsx
フランシスコ (ローマ教皇),1,r_01_フランシスコ(ローマ教皇)_平易化.xlsx,r_02_フランシスコ(ローマ教皇)_平易化.xlsx
キリスト磔刑と最後の審判,7,r_01_キリスト磔刑と最後の審判_平易化.xlsx,r_02_キリスト磔刑と最後の審判_平易化.xlsx
三島事件,2,r_01_三島事件_平易化.xlsx,r_02_三島事件_平易化.xlsx
イタリアのエジプト侵攻,2,r_01_イタリアのエジプト侵攻_平易化.xlsx,r_02_イタリアのエジプト侵攻_平易化.xlsx
ロバート・ウォルポール,2,r_01_ロバート・ウォルポール_平易化.xlsx,r_02_ロバート・ウォルポール_平易化.xlsx
スィゲトヴァール包囲戦,2,r_01_スィゲトヴァール包囲戦_平易化.xlsx,r_02_スィゲトヴァール包囲戦_平易化.xlsx
田中舘愛橘,2,r_01_田中舘愛橘_平易化.xlsx,r_02_田中舘愛橘_平易化.xlsx
まぼろし博覧会,6,r_01_まぼろし博覧会_平易化.xlsx,r_02_まぼろし博覧会_平易化.xlsx
テロメラーゼ,4,r_01_テロメラーゼ_平易化.xlsx,r_02_テロメラーゼ_平易化.xlsx
性決定,4,r_01_性決定_平易化.xlsx,r_02_性決定_平易化.xlsx
マリア・ニコラエヴナ (ニコライ2世皇女),2,r_01_マリア・ニコラエヴナ (ニコライ2世皇女)_平易化.xlsx,r_02_マリア・ニコラエヴナ (ニコライ2世皇女)_平易化.xlsx
カトリック主税町教会,1,r_01_カトリック主税町教会_平易化.xlsx,r_02_カトリック主税町教会_平易化.xlsx
中央電気,5,r_01_中央電気_平易化.xlsx,r_02_中央電気_平易化.xlsx
ゴールデンライス,6,r_01_ゴールデンライス_平易化.xlsx,r_02_ゴールデンライス_平易化.xlsx
仏教美術,7,r_01_仏教美術_平易化.xlsx,r_02_仏教美術_平易化.xlsx
釜山橋頭堡の戦い,2,r_01_釜山橋頭堡の戦い_平易化.xlsx,r_02_釜山橋頭堡の戦い_平易化.xlsx
芋焼酎,5,r_01_芋焼酎_平易化.xlsx,r_02_芋焼酎_平易化.xlsx
エドワード7世 (イギリス王),2,r_01_エドワード7世 (イギリス王)_平易化.xlsx,r_02_エドワード7世 (イギリス王)_平易化.xlsx
コレステロール,4,s_01_コレステロール_平易化.xlsx,s_02_コレステロール_平易化.xlsx
松阪市図書館,0,r_01_松阪市図書館_平易化.xlsx,r_02_松阪市図書館_平易化.xlsx
関東州の競馬,7,r_01_関東州の競馬_平易化.xlsx,r_02_関東州の競馬_平易化.xlsx
闇サイト殺人事件,3,r_01_闇サイト殺人事件_平易化.xlsx,r_02_闇サイト殺人事件_平易化.xlsx
富山大空襲,2,r_01_富山大空襲_平易化.xlsx,r_02_富山大空襲_平易化.xlsx
赤血球,4,s_01_赤血球_平易化.xlsx,s_02_赤血球.xlsx
飯塚伊賀七,2,r_01_飯塚伊賀七_平易化.xlsx,r_02_飯塚伊賀七_平易化.xlsx
ウィリアム・ラム (第2代メルバーン子爵),2,r_01_ウィリアム・ラム (第2代メルバーン子爵)_平易化.xlsx,r_02_ウィリアム・ラム (第2代メルバーン子爵)_平易化.xlsx
天皇賞,7,s_01_天皇賞_平易化.xlsx,s_02_天皇賞.xlsx
伊能忠敬,2,r_01_伊能忠敬_平易化.xlsx,r_02_伊能忠敬_平易化.xlsx
カレーパン,5,r_01_カレーパン_平易化.xlsx,r_02_カレーパン_平易化.xlsx
深名線,6,r_01_深名線_平易化.xlsx,r_02_深名線_平易化.xlsx
フランツ・フォン・パーペン,2,r_01_フランツ・フォン・パーペン_平易化.xlsx,r_02_フランツ・フォン・パーペン_平易化.xlsx
ミケランジェロ・メリージ・ダ・カラヴァッジオ,7,r_01_ミケランジェロ・メリージ・ダ・カラヴァッジオ_平易化.xlsx,r_02_ミケランジェロ・メリージ・ダ・カラヴァッジオ_平易化.xlsx
スコモローフ,7,r_01_スコモローフ_平易化.xlsx,r_02_スコモローフ_平易化.xlsx
田島弥平,2,r_01_田島弥平_平易化.xlsx,r_02_田島弥平_平易化.xlsx
ウラジーミル・レーニン,2,r_01_ウラジーミル・レーニン_平易化.xlsx,r_02_ウラジーミル・レーニン_平易化.xlsx
芝山みよか,2,r_01_芝山みよか_平易化.xlsx,r_02_芝山みよか_平易化.xlsx
石岡第二発電所,5,r_01_石岡第二発電所_平易化.xlsx,r_02_石岡第二発電所_平易化.xlsx
小笠原諸島の自然,4,r_01_小笠原諸島の自然_平易化.xlsx,r_02_小笠原諸島の自然_平易化.xlsx
イスラームの陶芸,7,r_01_イスラームの陶芸_平易化.xlsx,r_02_イスラームの陶芸_平易化.xlsx
